scoreline,first_set,is_straight_sets,num_sets,set1_score,set2_score,set3_score,observed_all_time,observed_2024,count_all_time,count_atp_all_time,count_wta_all_time,count_2024,count_atp_2024,count_wta_2024
6-0 6-0,6-0,TRUE,2,6-0,6-0,NA,TRUE,TRUE,2124,327,1797,10,0,10
6-1 6-0,6-1,TRUE,2,6-1,6-0,NA,TRUE,TRUE,3035,711,2324,28,11,17
6-2 6-0,6-2,TRUE,2,6-2,6-0,NA,TRUE,TRUE,3100,916,2184,33,8,25
6-3 6-0,6-3,TRUE,2,6-3,6-0,NA,TRUE,TRUE,2978,1021,1957,38,13,25
6-4 6-0,6-4,TRUE,2,6-4,6-0,NA,TRUE,TRUE,2381,890,1491,33,7,26
7-5 6-0,7-5,TRUE,2,7-5,6-0,NA,TRUE,TRUE,950,339,611,13,4,9
7-6 6-0,7-6,TRUE,2,7-6,6-0,NA,TRUE,TRUE,918,423,495,7,4,3
6-0 6-1,6-0,TRUE,2,6-0,6-1,NA,TRUE,TRUE,2928,696,2232,23,4,19
6-1 6-1,6-1,TRUE,2,6-1,6-1,NA,TRUE,TRUE,5293,1617,3676,59,16,43
6-2 6-1,6-2,TRUE,2,6-2,6-1,NA,TRUE,TRUE,6285,2159,4126,89,23,66
6-3 6-1,6-3,TRUE,2,6-3,6-1,NA,TRUE,TRUE,6171,2459,3712,80,29,51
6-4 6-1,6-4,TRUE,2,6-4,6-1,NA,TRUE,TRUE,5197,2162,3035,75,30,45
7-5 6-1,7-5,TRUE,2,7-5,6-1,NA,TRUE,TRUE,2567,1126,1441,44,21,23
7-6 6-1,7-6,TRUE,2,7-6,6-1,NA,TRUE,TRUE,2625,1427,1198,46,22,24
6-0 6-2,6-0,TRUE,2,6-0,6-2,NA,TRUE,TRUE,2658,779,1879,20,7,13
6-1 6-2,6-1,TRUE,2,6-1,6-2,NA,TRUE,TRUE,6404,2392,4012,76,28,48
6-2 6-2,6-2,TRUE,2,6-2,6-2,NA,TRUE,TRUE,8261,3486,4775,107,38,69
6-3 6-2,6-3,TRUE,2,6-3,6-2,NA,TRUE,TRUE,9362,4458,4904,146,66,80
6-4 6-2,6-4,TRUE,2,6-4,6-2,NA,TRUE,TRUE,8564,4317,4247,131,65,66
7-5 6-2,7-5,TRUE,2,7-5,6-2,NA,TRUE,TRUE,3407,1610,1797,47,22,25
7-6 6-2,7-6,TRUE,2,7-6,6-2,NA,TRUE,TRUE,3763,2205,1558,80,48,32
6-0 6-3,6-0,TRUE,2,6-0,6-3,NA,TRUE,TRUE,2192,749,1443,23,6,17
6-1 6-3,6-1,TRUE,2,6-1,6-3,NA,TRUE,TRUE,5303,2047,3256,57,20,37
6-2 6-3,6-2,TRUE,2,6-2,6-3,NA,TRUE,TRUE,7502,3185,4317,101,34,67
6-3 6-3,6-3,TRUE,2,6-3,6-3,NA,TRUE,TRUE,8478,4133,4345,120,49,71
6-4 6-3,6-4,TRUE,2,6-4,6-3,NA,TRUE,TRUE,7865,4040,3825,131,63,68
7-5 6-3,7-5,TRUE,2,7-5,6-3,NA,TRUE,TRUE,3939,1981,1958,74,36,38
7-6 6-3,7-6,TRUE,2,7-6,6-3,NA,TRUE,TRUE,4697,3032,1665,106,69,37
6-0 6-4,6-0,TRUE,2,6-0,6-4,NA,TRUE,TRUE,1667,613,1054,20,7,13
6-1 6-4,6-1,TRUE,2,6-1,6-4,NA,TRUE,TRUE,5122,2357,2765,96,47,49
6-2 6-4,6-2,TRUE,2,6-2,6-4,NA,TRUE,TRUE,7173,3578,3595,122,58,64
6-3 6-4,6-3,TRUE,2,6-3,6-4,NA,TRUE,TRUE,10078,5863,4215,184,102,82
6-4 6-4,6-4,TRUE,2,6-4,6-4,NA,TRUE,TRUE,9904,5933,3971,191,123,68
7-5 6-4,7-5,TRUE,2,7-5,6-4,NA,TRUE,TRUE,3559,1848,1711,68,35,33
7-6 6-4,7-6,TRUE,2,7-6,6-4,NA,TRUE,TRUE,4588,3080,1508,111,79,32
6-0 7-5,6-0,TRUE,2,6-0,7-5,NA,TRUE,TRUE,617,184,433,10,2,8
6-1 7-5,6-1,TRUE,2,6-1,7-5,NA,TRUE,TRUE,1820,754,1066,23,11,12
6-2 7-5,6-2,TRUE,2,6-2,7-5,NA,TRUE,TRUE,2775,1262,1513,48,23,25
6-3 7-5,6-3,TRUE,2,6-3,7-5,NA,TRUE,TRUE,3545,1823,1722,58,26,32
6-4 7-5,6-4,TRUE,2,6-4,7-5,NA,TRUE,TRUE,3453,1803,1650,75,48,27
7-5 7-5,7-5,TRUE,2,7-5,7-5,NA,TRUE,TRUE,1442,718,724,27,13,14
7-6 7-5,7-6,TRUE,2,7-6,7-5,NA,TRUE,TRUE,1864,1175,689,38,22,16
6-0 7-6,6-0,TRUE,2,6-0,7-6,NA,TRUE,TRUE,548,232,316,7,2,5
6-1 7-6,6-1,TRUE,2,6-1,7-6,NA,TRUE,TRUE,1854,977,877,43,21,22
6-2 7-6,6-2,TRUE,2,6-2,7-6,NA,TRUE,TRUE,2765,1573,1192,46,30,16
6-3 7-6,6-3,TRUE,2,6-3,7-6,NA,TRUE,TRUE,4075,2630,1445,93,59,34
6-4 7-6,6-4,TRUE,2,6-4,7-6,NA,TRUE,TRUE,4181,2742,1439,99,62,37
7-5 7-6,7-5,TRUE,2,7-5,7-6,NA,TRUE,TRUE,1580,978,602,38,26,12
7-6 7-6,7-6,TRUE,2,7-6,7-6,NA,TRUE,TRUE,2879,2165,714,79,64,15
0-6 6-0 6-0,0-6,FALSE,3,0-6,6-0,6-0,TRUE,FALSE,3,0,3,0,0,0
1-6 6-0 6-0,1-6,FALSE,3,1-6,6-0,6-0,TRUE,FALSE,6,1,5,0,0,0
2-6 6-0 6-0,2-6,FALSE,3,2-6,6-0,6-0,TRUE,FALSE,13,4,9,0,0,0
3-6 6-0 6-0,3-6,FALSE,3,3-6,6-0,6-0,TRUE,FALSE,28,10,18,0,0,0
4-6 6-0 6-0,4-6,FALSE,3,4-6,6-0,6-0,TRUE,TRUE,36,8,28,1,0,1
5-7 6-0 6-0,5-7,FALSE,3,5-7,6-0,6-0,TRUE,FALSE,17,7,10,0,0,0
6-7 6-0 6-0,6-7,FALSE,3,6-7,6-0,6-0,TRUE,FALSE,26,11,15,0,0,0
0-6 6-1 6-0,0-6,FALSE,3,0-6,6-1,6-0,TRUE,FALSE,9,1,8,0,0,0
1-6 6-1 6-0,1-6,FALSE,3,1-6,6-1,6-0,TRUE,FALSE,22,5,17,0,0,0
2-6 6-1 6-0,2-6,FALSE,3,2-6,6-1,6-0,TRUE,FALSE,46,14,32,0,0,0
3-6 6-1 6-0,3-6,FALSE,3,3-6,6-1,6-0,TRUE,TRUE,62,22,40,1,0,1
4-6 6-1 6-0,4-6,FALSE,3,4-6,6-1,6-0,TRUE,FALSE,92,29,63,0,0,0
5-7 6-1 6-0,5-7,FALSE,3,5-7,6-1,6-0,TRUE,TRUE,45,13,32,1,0,1
6-7 6-1 6-0,6-7,FALSE,3,6-7,6-1,6-0,TRUE,TRUE,33,17,16,2,2,0
0-6 6-2 6-0,0-6,FALSE,3,0-6,6-2,6-0,TRUE,FALSE,11,0,11,0,0,0
1-6 6-2 6-0,1-6,FALSE,3,1-6,6-2,6-0,TRUE,FALSE,45,20,25,0,0,0
2-6 6-2 6-0,2-6,FALSE,3,2-6,6-2,6-0,TRUE,FALSE,62,20,42,0,0,0
3-6 6-2 6-0,3-6,FALSE,3,3-6,6-2,6-0,TRUE,TRUE,92,25,67,3,0,3
4-6 6-2 6-0,4-6,FALSE,3,4-6,6-2,6-0,TRUE,TRUE,115,35,80,2,2,0
5-7 6-2 6-0,5-7,FALSE,3,5-7,6-2,6-0,TRUE,TRUE,42,14,28,1,0,1
6-7 6-2 6-0,6-7,FALSE,3,6-7,6-2,6-0,TRUE,FALSE,68,33,35,0,0,0
0-6 6-3 6-0,0-6,FALSE,3,0-6,6-3,6-0,TRUE,FALSE,4,1,3,0,0,0
1-6 6-3 6-0,1-6,FALSE,3,1-6,6-3,6-0,TRUE,FALSE,34,20,14,0,0,0
2-6 6-3 6-0,2-6,FALSE,3,2-6,6-3,6-0,TRUE,TRUE,79,19,60,3,1,2
3-6 6-3 6-0,3-6,FALSE,3,3-6,6-3,6-0,TRUE,FALSE,133,67,66,0,0,0
4-6 6-3 6-0,4-6,FALSE,3,4-6,6-3,6-0,TRUE,TRUE,175,73,102,3,2,1
5-7 6-3 6-0,5-7,FALSE,3,5-7,6-3,6-0,TRUE,TRUE,66,28,38,4,2,2
6-7 6-3 6-0,6-7,FALSE,3,6-7,6-3,6-0,TRUE,TRUE,83,40,43,2,1,1
0-6 6-4 6-0,0-6,FALSE,3,0-6,6-4,6-0,TRUE,FALSE,10,4,6,0,0,0
1-6 6-4 6-0,1-6,FALSE,3,1-6,6-4,6-0,TRUE,TRUE,44,15,29,2,1,1
2-6 6-4 6-0,2-6,FALSE,3,2-6,6-4,6-0,TRUE,TRUE,71,25,46,1,0,1
3-6 6-4 6-0,3-6,FALSE,3,3-6,6-4,6-0,TRUE,TRUE,140,71,69,2,0,2
4-6 6-4 6-0,4-6,FALSE,3,4-6,6-4,6-0,TRUE,TRUE,137,64,73,2,0,2
5-7 6-4 6-0,5-7,FALSE,3,5-7,6-4,6-0,TRUE,TRUE,59,19,40,1,0,1
6-7 6-4 6-0,6-7,FALSE,3,6-7,6-4,6-0,TRUE,FALSE,81,52,29,0,0,0
0-6 7-5 6-0,0-6,FALSE,3,0-6,7-5,6-0,TRUE,FALSE,6,2,4,0,0,0
1-6 7-5 6-0,1-6,FALSE,3,1-6,7-5,6-0,TRUE,FALSE,17,7,10,0,0,0
2-6 7-5 6-0,2-6,FALSE,3,2-6,7-5,6-0,TRUE,TRUE,38,18,20,1,0,1
3-6 7-5 6-0,3-6,FALSE,3,3-6,7-5,6-0,TRUE,TRUE,60,20,40,1,0,1
4-6 7-5 6-0,4-6,FALSE,3,4-6,7-5,6-0,TRUE,TRUE,67,29,38,1,1,0
5-7 7-5 6-0,5-7,FALSE,3,5-7,7-5,6-0,TRUE,FALSE,31,14,17,0,0,0
6-7 7-5 6-0,6-7,FALSE,3,6-7,7-5,6-0,TRUE,FALSE,37,24,13,0,0,0
0-6 7-6 6-0,0-6,FALSE,3,0-6,7-6,6-0,TRUE,FALSE,1,0,1,0,0,0
1-6 7-6 6-0,1-6,FALSE,3,1-6,7-6,6-0,TRUE,FALSE,22,11,11,0,0,0
2-6 7-6 6-0,2-6,FALSE,3,2-6,7-6,6-0,TRUE,FALSE,44,23,21,0,0,0
3-6 7-6 6-0,3-6,FALSE,3,3-6,7-6,6-0,TRUE,FALSE,66,32,34,0,0,0
4-6 7-6 6-0,4-6,FALSE,3,4-6,7-6,6-0,TRUE,TRUE,86,50,36,1,0,1
5-7 7-6 6-0,5-7,FALSE,3,5-7,7-6,6-0,TRUE,FALSE,30,13,17,0,0,0
6-7 7-6 6-0,6-7,FALSE,3,6-7,7-6,6-0,TRUE,TRUE,51,30,21,1,1,0
0-6 6-0 6-1,0-6,FALSE,3,0-6,6-0,6-1,TRUE,FALSE,9,2,7,0,0,0
1-6 6-0 6-1,1-6,FALSE,3,1-6,6-0,6-1,TRUE,FALSE,18,7,11,0,0,0
2-6 6-0 6-1,2-6,FALSE,3,2-6,6-0,6-1,TRUE,TRUE,43,13,30,1,0,1
3-6 6-0 6-1,3-6,FALSE,3,3-6,6-0,6-1,TRUE,FALSE,71,30,41,0,0,0
4-6 6-0 6-1,4-6,FALSE,3,4-6,6-0,6-1,TRUE,TRUE,74,23,51,2,0,2
5-7 6-0 6-1,5-7,FALSE,3,5-7,6-0,6-1,TRUE,TRUE,41,13,28,1,0,1
6-7 6-0 6-1,6-7,FALSE,3,6-7,6-0,6-1,TRUE,TRUE,36,19,17,1,1,0
0-6 6-1 6-1,0-6,FALSE,3,0-6,6-1,6-1,TRUE,FALSE,12,5,7,0,0,0
1-6 6-1 6-1,1-6,FALSE,3,1-6,6-1,6-1,TRUE,FALSE,51,19,32,0,0,0
2-6 6-1 6-1,2-6,FALSE,3,2-6,6-1,6-1,TRUE,FALSE,96,27,69,0,0,0
3-6 6-1 6-1,3-6,FALSE,3,3-6,6-1,6-1,TRUE,TRUE,163,66,97,2,0,2
4-6 6-1 6-1,4-6,FALSE,3,4-6,6-1,6-1,TRUE,TRUE,172,77,95,4,3,1
5-7 6-1 6-1,5-7,FALSE,3,5-7,6-1,6-1,TRUE,TRUE,89,38,51,1,0,1
6-7 6-1 6-1,6-7,FALSE,3,6-7,6-1,6-1,TRUE,TRUE,110,56,54,1,0,1
0-6 6-2 6-1,0-6,FALSE,3,0-6,6-2,6-1,TRUE,TRUE,19,6,13,1,0,1
1-6 6-2 6-1,1-6,FALSE,3,1-6,6-2,6-1,TRUE,FALSE,70,21,49,0,0,0
2-6 6-2 6-1,2-6,FALSE,3,2-6,6-2,6-1,TRUE,TRUE,142,55,87,1,0,1
3-6 6-2 6-1,3-6,FALSE,3,3-6,6-2,6-1,TRUE,TRUE,225,93,132,3,2,1
4-6 6-2 6-1,4-6,FALSE,3,4-6,6-2,6-1,TRUE,TRUE,280,129,151,5,2,3
5-7 6-2 6-1,5-7,FALSE,3,5-7,6-2,6-1,TRUE,TRUE,122,45,77,2,0,2
6-7 6-2 6-1,6-7,FALSE,3,6-7,6-2,6-1,TRUE,TRUE,156,71,85,2,2,0
0-6 6-3 6-1,0-6,FALSE,3,0-6,6-3,6-1,TRUE,FALSE,27,7,20,0,0,0
1-6 6-3 6-1,1-6,FALSE,3,1-6,6-3,6-1,TRUE,FALSE,93,30,63,0,0,0
2-6 6-3 6-1,2-6,FALSE,3,2-6,6-3,6-1,TRUE,TRUE,160,67,93,1,0,1
3-6 6-3 6-1,3-6,FALSE,3,3-6,6-3,6-1,TRUE,TRUE,293,129,164,7,1,6
4-6 6-3 6-1,4-6,FALSE,3,4-6,6-3,6-1,TRUE,TRUE,321,142,179,4,3,1
5-7 6-3 6-1,5-7,FALSE,3,5-7,6-3,6-1,TRUE,TRUE,147,55,92,3,2,1
6-7 6-3 6-1,6-7,FALSE,3,6-7,6-3,6-1,TRUE,TRUE,179,92,87,2,0,2
0-6 6-4 6-1,0-6,FALSE,3,0-6,6-4,6-1,TRUE,FALSE,33,15,18,0,0,0
1-6 6-4 6-1,1-6,FALSE,3,1-6,6-4,6-1,TRUE,TRUE,107,39,68,5,0,5
2-6 6-4 6-1,2-6,FALSE,3,2-6,6-4,6-1,TRUE,TRUE,191,78,113,3,1,2
3-6 6-4 6-1,3-6,FALSE,3,3-6,6-4,6-1,TRUE,TRUE,304,138,166,4,0,4
4-6 6-4 6-1,4-6,FALSE,3,4-6,6-4,6-1,TRUE,TRUE,323,149,174,2,1,1
5-7 6-4 6-1,5-7,FALSE,3,5-7,6-4,6-1,TRUE,TRUE,142,74,68,3,0,3
6-7 6-4 6-1,6-7,FALSE,3,6-7,6-4,6-1,TRUE,TRUE,185,95,90,2,1,1
0-6 7-5 6-1,0-6,FALSE,3,0-6,7-5,6-1,TRUE,TRUE,19,5,14,1,0,1
1-6 7-5 6-1,1-6,FALSE,3,1-6,7-5,6-1,TRUE,FALSE,79,27,52,0,0,0
2-6 7-5 6-1,2-6,FALSE,3,2-6,7-5,6-1,TRUE,TRUE,89,30,59,2,0,2
3-6 7-5 6-1,3-6,FALSE,3,3-6,7-5,6-1,TRUE,TRUE,166,85,81,3,0,3
4-6 7-5 6-1,4-6,FALSE,3,4-6,7-5,6-1,TRUE,FALSE,203,85,118,0,0,0
5-7 7-5 6-1,5-7,FALSE,3,5-7,7-5,6-1,TRUE,TRUE,73,35,38,1,1,0
6-7 7-5 6-1,6-7,FALSE,3,6-7,7-5,6-1,TRUE,TRUE,110,55,55,1,1,0
0-6 7-6 6-1,0-6,FALSE,3,0-6,7-6,6-1,TRUE,FALSE,23,8,15,0,0,0
1-6 7-6 6-1,1-6,FALSE,3,1-6,7-6,6-1,TRUE,FALSE,45,22,23,0,0,0
2-6 7-6 6-1,2-6,FALSE,3,2-6,7-6,6-1,TRUE,FALSE,110,58,52,0,0,0
3-6 7-6 6-1,3-6,FALSE,3,3-6,7-6,6-1,TRUE,TRUE,164,80,84,2,1,1
4-6 7-6 6-1,4-6,FALSE,3,4-6,7-6,6-1,TRUE,TRUE,180,103,77,2,1,1
5-7 7-6 6-1,5-7,FALSE,3,5-7,7-6,6-1,TRUE,TRUE,77,45,32,2,1,1
6-7 7-6 6-1,6-7,FALSE,3,6-7,7-6,6-1,TRUE,TRUE,125,84,41,3,1,2
0-6 6-0 6-2,0-6,FALSE,3,0-6,6-0,6-2,TRUE,FALSE,4,3,1,0,0,0
1-6 6-0 6-2,1-6,FALSE,3,1-6,6-0,6-2,TRUE,FALSE,28,7,21,0,0,0
2-6 6-0 6-2,2-6,FALSE,3,2-6,6-0,6-2,TRUE,TRUE,46,10,36,2,0,2
3-6 6-0 6-2,3-6,FALSE,3,3-6,6-0,6-2,TRUE,FALSE,67,27,40,0,0,0
4-6 6-0 6-2,4-6,FALSE,3,4-6,6-0,6-2,TRUE,TRUE,102,37,65,4,1,3
5-7 6-0 6-2,5-7,FALSE,3,5-7,6-0,6-2,TRUE,FALSE,28,12,16,0,0,0
6-7 6-0 6-2,6-7,FALSE,3,6-7,6-0,6-2,TRUE,TRUE,66,27,39,1,0,1
0-6 6-1 6-2,0-6,FALSE,3,0-6,6-1,6-2,TRUE,FALSE,21,7,14,0,0,0
1-6 6-1 6-2,1-6,FALSE,3,1-6,6-1,6-2,TRUE,FALSE,79,35,44,0,0,0
2-6 6-1 6-2,2-6,FALSE,3,2-6,6-1,6-2,TRUE,TRUE,131,52,79,2,1,1
3-6 6-1 6-2,3-6,FALSE,3,3-6,6-1,6-2,TRUE,TRUE,262,129,133,5,0,5
4-6 6-1 6-2,4-6,FALSE,3,4-6,6-1,6-2,TRUE,TRUE,340,146,194,5,4,1
5-7 6-1 6-2,5-7,FALSE,3,5-7,6-1,6-2,TRUE,TRUE,120,48,72,2,0,2
6-7 6-1 6-2,6-7,FALSE,3,6-7,6-1,6-2,TRUE,TRUE,171,78,93,5,2,3
0-6 6-2 6-2,0-6,FALSE,3,0-6,6-2,6-2,TRUE,FALSE,33,15,18,0,0,0
1-6 6-2 6-2,1-6,FALSE,3,1-6,6-2,6-2,TRUE,TRUE,98,38,60,4,3,1
2-6 6-2 6-2,2-6,FALSE,3,2-6,6-2,6-2,TRUE,TRUE,181,63,118,4,1,3
3-6 6-2 6-2,3-6,FALSE,3,3-6,6-2,6-2,TRUE,TRUE,288,118,170,2,1,1
4-6 6-2 6-2,4-6,FALSE,3,4-6,6-2,6-2,TRUE,TRUE,355,153,202,7,2,5
5-7 6-2 6-2,5-7,FALSE,3,5-7,6-2,6-2,TRUE,TRUE,152,65,87,5,1,4
6-7 6-2 6-2,6-7,FALSE,3,6-7,6-2,6-2,TRUE,FALSE,220,125,95,0,0,0
0-6 6-3 6-2,0-6,FALSE,3,0-6,6-3,6-2,TRUE,FALSE,41,12,29,0,0,0
1-6 6-3 6-2,1-6,FALSE,3,1-6,6-3,6-2,TRUE,TRUE,190,85,105,6,3,3
2-6 6-3 6-2,2-6,FALSE,3,2-6,6-3,6-2,TRUE,TRUE,333,151,182,6,4,2
3-6 6-3 6-2,3-6,FALSE,3,3-6,6-3,6-2,TRUE,TRUE,583,336,247,8,3,5
4-6 6-3 6-2,4-6,FALSE,3,4-6,6-3,6-2,TRUE,TRUE,655,381,274,15,5,10
5-7 6-3 6-2,5-7,FALSE,3,5-7,6-3,6-2,TRUE,TRUE,210,101,109,5,2,3
6-7 6-3 6-2,6-7,FALSE,3,6-7,6-3,6-2,TRUE,TRUE,303,195,108,4,4,0
0-6 6-4 6-2,0-6,FALSE,3,0-6,6-4,6-2,TRUE,FALSE,50,28,22,0,0,0
1-6 6-4 6-2,1-6,FALSE,3,1-6,6-4,6-2,TRUE,TRUE,168,73,95,7,2,5
2-6 6-4 6-2,2-6,FALSE,3,2-6,6-4,6-2,TRUE,TRUE,289,125,164,4,1,3
3-6 6-4 6-2,3-6,FALSE,3,3-6,6-4,6-2,TRUE,TRUE,396,162,234,5,0,5
4-6 6-4 6-2,4-6,FALSE,3,4-6,6-4,6-2,TRUE,TRUE,425,201,224,13,7,6
5-7 6-4 6-2,5-7,FALSE,3,5-7,6-4,6-2,TRUE,TRUE,235,122,113,3,1,2
6-7 6-4 6-2,6-7,FALSE,3,6-7,6-4,6-2,TRUE,TRUE,347,215,132,8,6,2
0-6 7-5 6-2,0-6,FALSE,3,0-6,7-5,6-2,TRUE,TRUE,22,7,15,1,0,1
1-6 7-5 6-2,1-6,FALSE,3,1-6,7-5,6-2,TRUE,FALSE,71,24,47,0,0,0
2-6 7-5 6-2,2-6,FALSE,3,2-6,7-5,6-2,TRUE,TRUE,122,54,68,1,0,1
3-6 7-5 6-2,3-6,FALSE,3,3-6,7-5,6-2,TRUE,TRUE,198,98,100,5,4,1
4-6 7-5 6-2,4-6,FALSE,3,4-6,7-5,6-2,TRUE,TRUE,237,95,142,9,3,6
5-7 7-5 6-2,5-7,FALSE,3,5-7,7-5,6-2,TRUE,FALSE,93,41,52,0,0,0
6-7 7-5 6-2,6-7,FALSE,3,6-7,7-5,6-2,TRUE,TRUE,139,69,70,3,1,2
0-6 7-6 6-2,0-6,FALSE,3,0-6,7-6,6-2,TRUE,FALSE,28,10,18,0,0,0
1-6 7-6 6-2,1-6,FALSE,3,1-6,7-6,6-2,TRUE,TRUE,99,58,41,6,4,2
2-6 7-6 6-2,2-6,FALSE,3,2-6,7-6,6-2,TRUE,TRUE,157,80,77,2,1,1
3-6 7-6 6-2,3-6,FALSE,3,3-6,7-6,6-2,TRUE,TRUE,274,164,110,5,3,2
4-6 7-6 6-2,4-6,FALSE,3,4-6,7-6,6-2,TRUE,TRUE,307,190,117,6,5,1
5-7 7-6 6-2,5-7,FALSE,3,5-7,7-6,6-2,TRUE,TRUE,110,66,44,3,1,2
6-7 7-6 6-2,6-7,FALSE,3,6-7,7-6,6-2,TRUE,TRUE,214,144,70,4,3,1
0-6 6-0 6-3,0-6,FALSE,3,0-6,6-0,6-3,TRUE,FALSE,5,0,5,0,0,0
1-6 6-0 6-3,1-6,FALSE,3,1-6,6-0,6-3,TRUE,FALSE,30,11,19,0,0,0
2-6 6-0 6-3,2-6,FALSE,3,2-6,6-0,6-3,TRUE,TRUE,57,20,37,1,0,1
3-6 6-0 6-3,3-6,FALSE,3,3-6,6-0,6-3,TRUE,FALSE,92,47,45,0,0,0
4-6 6-0 6-3,4-6,FALSE,3,4-6,6-0,6-3,TRUE,TRUE,122,59,63,1,0,1
5-7 6-0 6-3,5-7,FALSE,3,5-7,6-0,6-3,TRUE,TRUE,39,18,21,1,0,1
6-7 6-0 6-3,6-7,FALSE,3,6-7,6-0,6-3,TRUE,FALSE,59,30,29,0,0,0
0-6 6-1 6-3,0-6,FALSE,3,0-6,6-1,6-3,TRUE,FALSE,17,7,10,0,0,0
1-6 6-1 6-3,1-6,FALSE,3,1-6,6-1,6-3,TRUE,TRUE,75,28,47,2,0,2
2-6 6-1 6-3,2-6,FALSE,3,2-6,6-1,6-3,TRUE,TRUE,123,48,75,2,1,1
3-6 6-1 6-3,3-6,FALSE,3,3-6,6-1,6-3,TRUE,TRUE,212,91,121,2,1,1
4-6 6-1 6-3,4-6,FALSE,3,4-6,6-1,6-3,TRUE,TRUE,267,111,156,2,1,1
5-7 6-1 6-3,5-7,FALSE,3,5-7,6-1,6-3,TRUE,TRUE,109,40,69,1,1,0
6-7 6-1 6-3,6-7,FALSE,3,6-7,6-1,6-3,TRUE,TRUE,136,69,67,1,1,0
0-6 6-2 6-3,0-6,FALSE,3,0-6,6-2,6-3,TRUE,TRUE,35,15,20,1,0,1
1-6 6-2 6-3,1-6,FALSE,3,1-6,6-2,6-3,TRUE,TRUE,152,53,99,2,1,1
2-6 6-2 6-3,2-6,FALSE,3,2-6,6-2,6-3,TRUE,TRUE,256,106,150,3,2,1
3-6 6-2 6-3,3-6,FALSE,3,3-6,6-2,6-3,TRUE,TRUE,377,179,198,6,2,4
4-6 6-2 6-3,4-6,FALSE,3,4-6,6-2,6-3,TRUE,TRUE,468,229,239,11,3,8
5-7 6-2 6-3,5-7,FALSE,3,5-7,6-2,6-3,TRUE,TRUE,189,80,109,5,3,2
6-7 6-2 6-3,6-7,FALSE,3,6-7,6-2,6-3,TRUE,TRUE,247,149,98,6,2,4
0-6 6-3 6-3,0-6,FALSE,3,0-6,6-3,6-3,TRUE,FALSE,52,18,34,0,0,0
1-6 6-3 6-3,1-6,FALSE,3,1-6,6-3,6-3,TRUE,TRUE,171,69,102,4,1,3
2-6 6-3 6-3,2-6,FALSE,3,2-6,6-3,6-3,TRUE,TRUE,282,117,165,3,1,2
3-6 6-3 6-3,3-6,FALSE,3,3-6,6-3,6-3,TRUE,TRUE,489,253,236,13,5,8
4-6 6-3 6-3,4-6,FALSE,3,4-6,6-3,6-3,TRUE,TRUE,585,303,282,13,3,10
5-7 6-3 6-3,5-7,FALSE,3,5-7,6-3,6-3,TRUE,TRUE,230,118,112,3,2,1
6-7 6-3 6-3,6-7,FALSE,3,6-7,6-3,6-3,TRUE,TRUE,304,188,116,4,1,3
0-6 6-4 6-3,0-6,FALSE,3,0-6,6-4,6-3,TRUE,TRUE,59,24,35,1,0,1
1-6 6-4 6-3,1-6,FALSE,3,1-6,6-4,6-3,TRUE,TRUE,192,92,100,3,0,3
2-6 6-4 6-3,2-6,FALSE,3,2-6,6-4,6-3,TRUE,TRUE,293,145,148,6,1,5
3-6 6-4 6-3,3-6,FALSE,3,3-6,6-4,6-3,TRUE,TRUE,465,241,224,11,6,5
4-6 6-4 6-3,4-6,FALSE,3,4-6,6-4,6-3,TRUE,TRUE,535,278,257,16,10,6
5-7 6-4 6-3,5-7,FALSE,3,5-7,6-4,6-3,TRUE,TRUE,239,115,124,6,2,4
6-7 6-4 6-3,6-7,FALSE,3,6-7,6-4,6-3,TRUE,TRUE,338,224,114,6,5,1
0-6 7-5 6-3,0-6,FALSE,3,0-6,7-5,6-3,TRUE,FALSE,28,10,18,0,0,0
1-6 7-5 6-3,1-6,FALSE,3,1-6,7-5,6-3,TRUE,TRUE,121,50,71,2,0,2
2-6 7-5 6-3,2-6,FALSE,3,2-6,7-5,6-3,TRUE,TRUE,179,90,89,3,1,2
3-6 7-5 6-3,3-6,FALSE,3,3-6,7-5,6-3,TRUE,TRUE,282,168,114,5,2,3
4-6 7-5 6-3,4-6,FALSE,3,4-6,7-5,6-3,TRUE,TRUE,307,162,145,7,4,3
5-7 7-5 6-3,5-7,FALSE,3,5-7,7-5,6-3,TRUE,TRUE,108,56,52,1,0,1
6-7 7-5 6-3,6-7,FALSE,3,6-7,7-5,6-3,TRUE,TRUE,166,100,66,4,2,2
0-6 7-6 6-3,0-6,FALSE,3,0-6,7-6,6-3,TRUE,TRUE,29,12,17,2,2,0
1-6 7-6 6-3,1-6,FALSE,3,1-6,7-6,6-3,TRUE,TRUE,103,63,40,1,1,0
2-6 7-6 6-3,2-6,FALSE,3,2-6,7-6,6-3,TRUE,TRUE,182,104,78,3,3,0
3-6 7-6 6-3,3-6,FALSE,3,3-6,7-6,6-3,TRUE,TRUE,261,157,104,4,3,1
4-6 7-6 6-3,4-6,FALSE,3,4-6,7-6,6-3,TRUE,TRUE,327,196,131,7,3,4
5-7 7-6 6-3,5-7,FALSE,3,5-7,7-6,6-3,TRUE,TRUE,168,100,68,8,6,2
6-7 7-6 6-3,6-7,FALSE,3,6-7,7-6,6-3,TRUE,TRUE,316,247,69,11,11,0
0-6 6-0 6-4,0-6,FALSE,3,0-6,6-0,6-4,TRUE,FALSE,6,0,6,0,0,0
1-6 6-0 6-4,1-6,FALSE,3,1-6,6-0,6-4,TRUE,FALSE,19,10,9,0,0,0
2-6 6-0 6-4,2-6,FALSE,3,2-6,6-0,6-4,TRUE,FALSE,49,23,26,0,0,0
3-6 6-0 6-4,3-6,FALSE,3,3-6,6-0,6-4,TRUE,TRUE,58,24,34,2,1,1
4-6 6-0 6-4,4-6,FALSE,3,4-6,6-0,6-4,TRUE,TRUE,80,29,51,2,0,2
5-7 6-0 6-4,5-7,FALSE,3,5-7,6-0,6-4,TRUE,TRUE,31,16,15,1,0,1
6-7 6-0 6-4,6-7,FALSE,3,6-7,6-0,6-4,TRUE,FALSE,50,29,21,0,0,0
0-6 6-1 6-4,0-6,FALSE,3,0-6,6-1,6-4,TRUE,TRUE,25,4,21,2,0,2
1-6 6-1 6-4,1-6,FALSE,3,1-6,6-1,6-4,TRUE,TRUE,99,46,53,2,2,0
2-6 6-1 6-4,2-6,FALSE,3,2-6,6-1,6-4,TRUE,TRUE,169,91,78,3,2,1
3-6 6-1 6-4,3-6,FALSE,3,3-6,6-1,6-4,TRUE,TRUE,313,184,129,7,5,2
4-6 6-1 6-4,4-6,FALSE,3,4-6,6-1,6-4,TRUE,TRUE,406,229,177,3,2,1
5-7 6-1 6-4,5-7,FALSE,3,5-7,6-1,6-4,TRUE,FALSE,109,66,43,0,0,0
6-7 6-1 6-4,6-7,FALSE,3,6-7,6-1,6-4,TRUE,TRUE,207,129,78,10,6,4
0-6 6-2 6-4,0-6,FALSE,3,0-6,6-2,6-4,TRUE,TRUE,42,13,29,1,0,1
1-6 6-2 6-4,1-6,FALSE,3,1-6,6-2,6-4,TRUE,TRUE,137,53,84,1,0,1
2-6 6-2 6-4,2-6,FALSE,3,2-6,6-2,6-4,TRUE,TRUE,204,79,125,5,0,5
3-6 6-2 6-4,3-6,FALSE,3,3-6,6-2,6-4,TRUE,TRUE,320,136,184,3,3,0
4-6 6-2 6-4,4-6,FALSE,3,4-6,6-2,6-4,TRUE,TRUE,339,163,176,6,0,6
5-7 6-2 6-4,5-7,FALSE,3,5-7,6-2,6-4,TRUE,TRUE,171,75,96,2,1,1
6-7 6-2 6-4,6-7,FALSE,3,6-7,6-2,6-4,TRUE,TRUE,291,186,105,7,5,2
0-6 6-3 6-4,0-6,FALSE,3,0-6,6-3,6-4,TRUE,TRUE,55,18,37,2,0,2
1-6 6-3 6-4,1-6,FALSE,3,1-6,6-3,6-4,TRUE,TRUE,290,167,123,8,4,4
2-6 6-3 6-4,2-6,FALSE,3,2-6,6-3,6-4,TRUE,TRUE,459,258,201,5,2,3
3-6 6-3 6-4,3-6,FALSE,3,3-6,6-3,6-4,TRUE,TRUE,801,516,285,24,14,10
4-6 6-3 6-4,4-6,FALSE,3,4-6,6-3,6-4,TRUE,TRUE,883,572,311,17,15,2
5-7 6-3 6-4,5-7,FALSE,3,5-7,6-3,6-4,TRUE,TRUE,284,154,130,8,4,4
6-7 6-3 6-4,6-7,FALSE,3,6-7,6-3,6-4,TRUE,TRUE,498,345,153,15,10,5
0-6 6-4 6-4,0-6,FALSE,3,0-6,6-4,6-4,TRUE,TRUE,65,28,37,2,2,0
1-6 6-4 6-4,1-6,FALSE,3,1-6,6-4,6-4,TRUE,TRUE,169,79,90,1,0,1
2-6 6-4 6-4,2-6,FALSE,3,2-6,6-4,6-4,TRUE,TRUE,345,164,181,12,5,7
3-6 6-4 6-4,3-6,FALSE,3,3-6,6-4,6-4,TRUE,TRUE,470,247,223,11,3,8
4-6 6-4 6-4,4-6,FALSE,3,4-6,6-4,6-4,TRUE,TRUE,532,276,256,4,3,1
5-7 6-4 6-4,5-7,FALSE,3,5-7,6-4,6-4,TRUE,TRUE,315,180,135,7,4,3
6-7 6-4 6-4,6-7,FALSE,3,6-7,6-4,6-4,TRUE,TRUE,487,354,133,10,6,4
0-6 7-5 6-4,0-6,FALSE,3,0-6,7-5,6-4,TRUE,TRUE,22,10,12,1,0,1
1-6 7-5 6-4,1-6,FALSE,3,1-6,7-5,6-4,TRUE,TRUE,98,43,55,4,1,3
2-6 7-5 6-4,2-6,FALSE,3,2-6,7-5,6-4,TRUE,TRUE,145,60,85,2,2,0
3-6 7-5 6-4,3-6,FALSE,3,3-6,7-5,6-4,TRUE,TRUE,217,111,106,7,5,2
4-6 7-5 6-4,4-6,FALSE,3,4-6,7-5,6-4,TRUE,TRUE,242,121,121,7,3,4
5-7 7-5 6-4,5-7,FALSE,3,5-7,7-5,6-4,TRUE,TRUE,108,59,49,2,0,2
6-7 7-5 6-4,6-7,FALSE,3,6-7,7-5,6-4,TRUE,TRUE,166,96,70,7,4,3
0-6 7-6 6-4,0-6,FALSE,3,0-6,7-6,6-4,TRUE,FALSE,35,17,18,0,0,0
1-6 7-6 6-4,1-6,FALSE,3,1-6,7-6,6-4,TRUE,TRUE,134,85,49,3,2,1
2-6 7-6 6-4,2-6,FALSE,3,2-6,7-6,6-4,TRUE,TRUE,238,146,92,2,1,1
3-6 7-6 6-4,3-6,FALSE,3,3-6,7-6,6-4,TRUE,TRUE,439,301,138,11,7,4
4-6 7-6 6-4,4-6,FALSE,3,4-6,7-6,6-4,TRUE,TRUE,471,332,139,7,3,4
5-7 7-6 6-4,5-7,FALSE,3,5-7,7-6,6-4,TRUE,TRUE,175,112,63,2,2,0
6-7 7-6 6-4,6-7,FALSE,3,6-7,7-6,6-4,TRUE,TRUE,264,211,53,5,4,1
0-6 6-0 7-5,0-6,FALSE,3,0-6,6-0,7-5,TRUE,FALSE,2,0,2,0,0,0
1-6 6-0 7-5,1-6,FALSE,3,1-6,6-0,7-5,TRUE,FALSE,11,6,5,0,0,0
2-6 6-0 7-5,2-6,FALSE,3,2-6,6-0,7-5,TRUE,TRUE,22,6,16,1,0,1
3-6 6-0 7-5,3-6,FALSE,3,3-6,6-0,7-5,TRUE,TRUE,31,12,19,1,0,1
4-6 6-0 7-5,4-6,FALSE,3,4-6,6-0,7-5,TRUE,TRUE,37,14,23,1,1,0
5-7 6-0 7-5,5-7,FALSE,3,5-7,6-0,7-5,TRUE,FALSE,17,7,10,0,0,0
6-7 6-0 7-5,6-7,FALSE,3,6-7,6-0,7-5,TRUE,TRUE,33,18,15,2,0,2
0-6 6-1 7-5,0-6,FALSE,3,0-6,6-1,7-5,TRUE,TRUE,9,4,5,1,0,1
1-6 6-1 7-5,1-6,FALSE,3,1-6,6-1,7-5,TRUE,TRUE,41,19,22,2,1,1
2-6 6-1 7-5,2-6,FALSE,3,2-6,6-1,7-5,TRUE,FALSE,82,36,46,0,0,0
3-6 6-1 7-5,3-6,FALSE,3,3-6,6-1,7-5,TRUE,FALSE,102,48,54,0,0,0
4-6 6-1 7-5,4-6,FALSE,3,4-6,6-1,7-5,TRUE,TRUE,135,63,72,2,0,2
5-7 6-1 7-5,5-7,FALSE,3,5-7,6-1,7-5,TRUE,FALSE,43,19,24,0,0,0
6-7 6-1 7-5,6-7,FALSE,3,6-7,6-1,7-5,TRUE,FALSE,76,40,36,0,0,0
0-6 6-2 7-5,0-6,FALSE,3,0-6,6-2,7-5,TRUE,FALSE,13,5,8,0,0,0
1-6 6-2 7-5,1-6,FALSE,3,1-6,6-2,7-5,TRUE,FALSE,54,22,32,0,0,0
2-6 6-2 7-5,2-6,FALSE,3,2-6,6-2,7-5,TRUE,TRUE,104,37,67,1,0,1
3-6 6-2 7-5,3-6,FALSE,3,3-6,6-2,7-5,TRUE,TRUE,149,67,82,2,2,0
4-6 6-2 7-5,4-6,FALSE,3,4-6,6-2,7-5,TRUE,TRUE,175,76,99,2,2,0
5-7 6-2 7-5,5-7,FALSE,3,5-7,6-2,7-5,TRUE,FALSE,82,43,39,0,0,0
6-7 6-2 7-5,6-7,FALSE,3,6-7,6-2,7-5,TRUE,FALSE,92,56,36,0,0,0
0-6 6-3 7-5,0-6,FALSE,3,0-6,6-3,7-5,TRUE,FALSE,17,6,11,0,0,0
1-6 6-3 7-5,1-6,FALSE,3,1-6,6-3,7-5,TRUE,TRUE,76,39,37,2,2,0
2-6 6-3 7-5,2-6,FALSE,3,2-6,6-3,7-5,TRUE,TRUE,164,74,90,2,1,1
3-6 6-3 7-5,3-6,FALSE,3,3-6,6-3,7-5,TRUE,TRUE,264,152,112,6,4,2
4-6 6-3 7-5,4-6,FALSE,3,4-6,6-3,7-5,TRUE,TRUE,305,164,141,7,2,5
5-7 6-3 7-5,5-7,FALSE,3,5-7,6-3,7-5,TRUE,TRUE,89,54,35,1,0,1
6-7 6-3 7-5,6-7,FALSE,3,6-7,6-3,7-5,TRUE,TRUE,149,99,50,9,6,3
0-6 6-4 7-5,0-6,FALSE,3,0-6,6-4,7-5,TRUE,TRUE,21,7,14,1,0,1
1-6 6-4 7-5,1-6,FALSE,3,1-6,6-4,7-5,TRUE,TRUE,66,29,37,1,0,1
2-6 6-4 7-5,2-6,FALSE,3,2-6,6-4,7-5,TRUE,TRUE,136,59,77,1,0,1
3-6 6-4 7-5,3-6,FALSE,3,3-6,6-4,7-5,TRUE,TRUE,218,100,118,4,1,3
4-6 6-4 7-5,4-6,FALSE,3,4-6,6-4,7-5,TRUE,TRUE,266,140,126,4,1,3
5-7 6-4 7-5,5-7,FALSE,3,5-7,6-4,7-5,TRUE,TRUE,112,54,58,4,3,1
6-7 6-4 7-5,6-7,FALSE,3,6-7,6-4,7-5,TRUE,TRUE,189,117,72,3,2,1
0-6 7-5 7-5,0-6,FALSE,3,0-6,7-5,7-5,TRUE,TRUE,12,5,7,1,0,1
1-6 7-5 7-5,1-6,FALSE,3,1-6,7-5,7-5,TRUE,FALSE,42,20,22,0,0,0
2-6 7-5 7-5,2-6,FALSE,3,2-6,7-5,7-5,TRUE,FALSE,66,27,39,0,0,0
3-6 7-5 7-5,3-6,FALSE,3,3-6,7-5,7-5,TRUE,TRUE,105,45,60,2,0,2
4-6 7-5 7-5,4-6,FALSE,3,4-6,7-5,7-5,TRUE,TRUE,120,48,72,3,1,2
5-7 7-5 7-5,5-7,FALSE,3,5-7,7-5,7-5,TRUE,FALSE,53,25,28,0,0,0
6-7 7-5 7-5,6-7,FALSE,3,6-7,7-5,7-5,TRUE,TRUE,51,25,26,2,1,1
0-6 7-6 7-5,0-6,FALSE,3,0-6,7-6,7-5,TRUE,TRUE,15,10,5,1,1,0
1-6 7-6 7-5,1-6,FALSE,3,1-6,7-6,7-5,TRUE,TRUE,59,29,30,3,0,3
2-6 7-6 7-5,2-6,FALSE,3,2-6,7-6,7-5,TRUE,TRUE,85,51,34,2,1,1
3-6 7-6 7-5,3-6,FALSE,3,3-6,7-6,7-5,TRUE,TRUE,139,88,51,7,4,3
4-6 7-6 7-5,4-6,FALSE,3,4-6,7-6,7-5,TRUE,TRUE,172,118,54,3,1,2
5-7 7-6 7-5,5-7,FALSE,3,5-7,7-6,7-5,TRUE,TRUE,50,31,19,1,0,1
6-7 7-6 7-5,6-7,FALSE,3,6-7,7-6,7-5,TRUE,TRUE,129,99,30,1,1,0
0-6 6-0 7-6,0-6,FALSE,3,0-6,6-0,7-6,TRUE,FALSE,1,1,0,0,0,0
1-6 6-0 7-6,1-6,FALSE,3,1-6,6-0,7-6,TRUE,FALSE,9,5,4,0,0,0
2-6 6-0 7-6,2-6,FALSE,3,2-6,6-0,7-6,TRUE,FALSE,15,8,7,0,0,0
3-6 6-0 7-6,3-6,FALSE,3,3-6,6-0,7-6,TRUE,FALSE,34,17,17,0,0,0
4-6 6-0 7-6,4-6,FALSE,3,4-6,6-0,7-6,TRUE,TRUE,27,15,12,1,0,1
5-7 6-0 7-6,5-7,FALSE,3,5-7,6-0,7-6,TRUE,FALSE,7,5,2,0,0,0
6-7 6-0 7-6,6-7,FALSE,3,6-7,6-0,7-6,TRUE,FALSE,18,10,8,0,0,0
0-6 6-1 7-6,0-6,FALSE,3,0-6,6-1,7-6,TRUE,FALSE,6,2,4,0,0,0
1-6 6-1 7-6,1-6,FALSE,3,1-6,6-1,7-6,TRUE,TRUE,38,23,15,2,1,1
2-6 6-1 7-6,2-6,FALSE,3,2-6,6-1,7-6,TRUE,TRUE,69,34,35,3,1,2
3-6 6-1 7-6,3-6,FALSE,3,3-6,6-1,7-6,TRUE,TRUE,111,70,41,2,2,0
4-6 6-1 7-6,4-6,FALSE,3,4-6,6-1,7-6,TRUE,TRUE,132,77,55,8,3,5
5-7 6-1 7-6,5-7,FALSE,3,5-7,6-1,7-6,TRUE,TRUE,37,21,16,1,0,1
6-7 6-1 7-6,6-7,FALSE,3,6-7,6-1,7-6,TRUE,FALSE,59,39,20,0,0,0
0-6 6-2 7-6,0-6,FALSE,3,0-6,6-2,7-6,TRUE,FALSE,12,4,8,0,0,0
1-6 6-2 7-6,1-6,FALSE,3,1-6,6-2,7-6,TRUE,TRUE,58,31,27,2,1,1
2-6 6-2 7-6,2-6,FALSE,3,2-6,6-2,7-6,TRUE,TRUE,94,51,43,4,2,2
3-6 6-2 7-6,3-6,FALSE,3,3-6,6-2,7-6,TRUE,TRUE,132,75,57,1,1,0
4-6 6-2 7-6,4-6,FALSE,3,4-6,6-2,7-6,TRUE,TRUE,164,90,74,1,0,1
5-7 6-2 7-6,5-7,FALSE,3,5-7,6-2,7-6,TRUE,TRUE,73,42,31,2,1,1
6-7 6-2 7-6,6-7,FALSE,3,6-7,6-2,7-6,TRUE,TRUE,126,94,32,6,4,2
0-6 6-3 7-6,0-6,FALSE,3,0-6,6-3,7-6,TRUE,FALSE,18,9,9,0,0,0
1-6 6-3 7-6,1-6,FALSE,3,1-6,6-3,7-6,TRUE,TRUE,88,54,34,4,0,4
2-6 6-3 7-6,2-6,FALSE,3,2-6,6-3,7-6,TRUE,TRUE,150,87,63,6,2,4
3-6 6-3 7-6,3-6,FALSE,3,3-6,6-3,7-6,TRUE,TRUE,332,244,88,7,4,3
4-6 6-3 7-6,4-6,FALSE,3,4-6,6-3,7-6,TRUE,TRUE,314,225,89,10,8,2
5-7 6-3 7-6,5-7,FALSE,3,5-7,6-3,7-6,TRUE,TRUE,114,70,44,1,1,0
6-7 6-3 7-6,6-7,FALSE,3,6-7,6-3,7-6,TRUE,TRUE,216,175,41,5,4,1
0-6 6-4 7-6,0-6,FALSE,3,0-6,6-4,7-6,TRUE,FALSE,31,19,12,0,0,0
1-6 6-4 7-6,1-6,FALSE,3,1-6,6-4,7-6,TRUE,TRUE,87,43,44,2,0,2
2-6 6-4 7-6,2-6,FALSE,3,2-6,6-4,7-6,TRUE,TRUE,130,73,57,4,2,2
3-6 6-4 7-6,3-6,FALSE,3,3-6,6-4,7-6,TRUE,TRUE,207,134,73,8,2,6
4-6 6-4 7-6,4-6,FALSE,3,4-6,6-4,7-6,TRUE,TRUE,290,185,105,5,2,3
5-7 6-4 7-6,5-7,FALSE,3,5-7,6-4,7-6,TRUE,TRUE,115,74,41,2,2,0
6-7 6-4 7-6,6-7,FALSE,3,6-7,6-4,7-6,TRUE,TRUE,257,203,54,12,7,5
0-6 7-5 7-6,0-6,FALSE,3,0-6,7-5,7-6,TRUE,TRUE,9,5,4,2,0,2
1-6 7-5 7-6,1-6,FALSE,3,1-6,7-5,7-6,TRUE,TRUE,47,29,18,1,0,1
2-6 7-5 7-6,2-6,FALSE,3,2-6,7-5,7-6,TRUE,TRUE,67,41,26,1,1,0
3-6 7-5 7-6,3-6,FALSE,3,3-6,7-5,7-6,TRUE,TRUE,107,74,33,1,0,1
4-6 7-5 7-6,4-6,FALSE,3,4-6,7-5,7-6,TRUE,TRUE,128,95,33,4,2,2
5-7 7-5 7-6,5-7,FALSE,3,5-7,7-5,7-6,TRUE,TRUE,48,25,23,2,2,0
6-7 7-5 7-6,6-7,FALSE,3,6-7,7-5,7-6,TRUE,TRUE,109,79,30,4,3,1
0-6 7-6 7-6,0-6,FALSE,3,0-6,7-6,7-6,TRUE,FALSE,24,10,14,0,0,0
1-6 7-6 7-6,1-6,FALSE,3,1-6,7-6,7-6,TRUE,TRUE,68,41,27,1,1,0
2-6 7-6 7-6,2-6,FALSE,3,2-6,7-6,7-6,TRUE,TRUE,105,77,28,1,0,1
3-6 7-6 7-6,3-6,FALSE,3,3-6,7-6,7-6,TRUE,TRUE,209,163,46,6,3,3
4-6 7-6 7-6,4-6,FALSE,3,4-6,7-6,7-6,TRUE,TRUE,257,196,61,8,6,2
5-7 7-6 7-6,5-7,FALSE,3,5-7,7-6,7-6,TRUE,TRUE,83,58,25,3,1,2
6-7 7-6 7-6,6-7,FALSE,3,6-7,7-6,7-6,TRUE,TRUE,194,174,20,7,7,0
6-0 0-6 6-0,6-0,FALSE,3,6-0,0-6,6-0,FALSE,FALSE,0,0,0,0,0,0
6-1 0-6 6-0,6-1,FALSE,3,6-1,0-6,6-0,TRUE,FALSE,5,2,3,0,0,0
6-2 0-6 6-0,6-2,FALSE,3,6-2,0-6,6-0,TRUE,FALSE,3,1,2,0,0,0
6-3 0-6 6-0,6-3,FALSE,3,6-3,0-6,6-0,TRUE,FALSE,10,5,5,0,0,0
6-4 0-6 6-0,6-4,FALSE,3,6-4,0-6,6-0,TRUE,FALSE,6,3,3,0,0,0
7-5 0-6 6-0,7-5,FALSE,3,7-5,0-6,6-0,TRUE,FALSE,5,2,3,0,0,0
7-6 0-6 6-0,7-6,FALSE,3,7-6,0-6,6-0,TRUE,FALSE,6,3,3,0,0,0
6-0 1-6 6-0,6-0,FALSE,3,6-0,1-6,6-0,TRUE,TRUE,3,1,2,1,0,1
6-1 1-6 6-0,6-1,FALSE,3,6-1,1-6,6-0,TRUE,FALSE,13,3,10,0,0,0
6-2 1-6 6-0,6-2,FALSE,3,6-2,1-6,6-0,TRUE,TRUE,26,10,16,1,0,1
6-3 1-6 6-0,6-3,FALSE,3,6-3,1-6,6-0,TRUE,TRUE,50,23,27,1,1,0
6-4 1-6 6-0,6-4,FALSE,3,6-4,1-6,6-0,TRUE,FALSE,22,12,10,0,0,0
7-5 1-6 6-0,7-5,FALSE,3,7-5,1-6,6-0,TRUE,FALSE,10,5,5,0,0,0
7-6 1-6 6-0,7-6,FALSE,3,7-6,1-6,6-0,TRUE,FALSE,9,2,7,0,0,0
6-0 2-6 6-0,6-0,FALSE,3,6-0,2-6,6-0,TRUE,FALSE,13,5,8,0,0,0
6-1 2-6 6-0,6-1,FALSE,3,6-1,2-6,6-0,TRUE,TRUE,29,11,18,2,1,1
6-2 2-6 6-0,6-2,FALSE,3,6-2,2-6,6-0,TRUE,FALSE,37,12,25,0,0,0
6-3 2-6 6-0,6-3,FALSE,3,6-3,2-6,6-0,TRUE,FALSE,50,21,29,0,0,0
6-4 2-6 6-0,6-4,FALSE,3,6-4,2-6,6-0,TRUE,FALSE,35,12,23,0,0,0
7-5 2-6 6-0,7-5,FALSE,3,7-5,2-6,6-0,TRUE,FALSE,17,5,12,0,0,0
7-6 2-6 6-0,7-6,FALSE,3,7-6,2-6,6-0,TRUE,FALSE,23,12,11,0,0,0
6-0 3-6 6-0,6-0,FALSE,3,6-0,3-6,6-0,TRUE,FALSE,16,6,10,0,0,0
6-1 3-6 6-0,6-1,FALSE,3,6-1,3-6,6-0,TRUE,TRUE,76,23,53,1,0,1
6-2 3-6 6-0,6-2,FALSE,3,6-2,3-6,6-0,TRUE,TRUE,68,21,47,2,1,1
6-3 3-6 6-0,6-3,FALSE,3,6-3,3-6,6-0,TRUE,TRUE,116,47,69,1,0,1
6-4 3-6 6-0,6-4,FALSE,3,6-4,3-6,6-0,TRUE,FALSE,96,45,51,0,0,0
7-5 3-6 6-0,7-5,FALSE,3,7-5,3-6,6-0,TRUE,TRUE,25,10,15,1,0,1
7-6 3-6 6-0,7-6,FALSE,3,7-6,3-6,6-0,TRUE,TRUE,40,21,19,1,0,1
6-0 4-6 6-0,6-0,FALSE,3,6-0,4-6,6-0,TRUE,FALSE,16,5,11,0,0,0
6-1 4-6 6-0,6-1,FALSE,3,6-1,4-6,6-0,TRUE,TRUE,51,23,28,1,0,1
6-2 4-6 6-0,6-2,FALSE,3,6-2,4-6,6-0,TRUE,TRUE,77,28,49,1,0,1
6-3 4-6 6-0,6-3,FALSE,3,6-3,4-6,6-0,TRUE,FALSE,116,48,68,0,0,0
6-4 4-6 6-0,6-4,FALSE,3,6-4,4-6,6-0,TRUE,TRUE,98,44,54,3,1,2
7-5 4-6 6-0,7-5,FALSE,3,7-5,4-6,6-0,TRUE,FALSE,58,25,33,0,0,0
7-6 4-6 6-0,7-6,FALSE,3,7-6,4-6,6-0,TRUE,FALSE,40,21,19,0,0,0
6-0 5-7 6-0,6-0,FALSE,3,6-0,5-7,6-0,TRUE,FALSE,4,0,4,0,0,0
6-1 5-7 6-0,6-1,FALSE,3,6-1,5-7,6-0,TRUE,FALSE,23,6,17,0,0,0
6-2 5-7 6-0,6-2,FALSE,3,6-2,5-7,6-0,TRUE,FALSE,31,6,25,0,0,0
6-3 5-7 6-0,6-3,FALSE,3,6-3,5-7,6-0,TRUE,FALSE,33,12,21,0,0,0
6-4 5-7 6-0,6-4,FALSE,3,6-4,5-7,6-0,TRUE,FALSE,40,12,28,0,0,0
7-5 5-7 6-0,7-5,FALSE,3,7-5,5-7,6-0,TRUE,FALSE,16,6,10,0,0,0
7-6 5-7 6-0,7-6,FALSE,3,7-6,5-7,6-0,TRUE,FALSE,18,8,10,0,0,0
6-0 6-7 6-0,6-0,FALSE,3,6-0,6-7,6-0,TRUE,FALSE,14,4,10,0,0,0
6-1 6-7 6-0,6-1,FALSE,3,6-1,6-7,6-0,TRUE,FALSE,38,16,22,0,0,0
6-2 6-7 6-0,6-2,FALSE,3,6-2,6-7,6-0,TRUE,FALSE,51,22,29,0,0,0
6-3 6-7 6-0,6-3,FALSE,3,6-3,6-7,6-0,TRUE,TRUE,54,29,25,2,1,1
6-4 6-7 6-0,6-4,FALSE,3,6-4,6-7,6-0,TRUE,TRUE,53,25,28,1,0,1
7-5 6-7 6-0,7-5,FALSE,3,7-5,6-7,6-0,TRUE,FALSE,19,8,11,0,0,0
7-6 6-7 6-0,7-6,FALSE,3,7-6,6-7,6-0,TRUE,FALSE,26,18,8,0,0,0
6-0 0-6 6-1,6-0,FALSE,3,6-0,0-6,6-1,TRUE,FALSE,6,3,3,0,0,0
6-1 0-6 6-1,6-1,FALSE,3,6-1,0-6,6-1,TRUE,FALSE,15,6,9,0,0,0
6-2 0-6 6-1,6-2,FALSE,3,6-2,0-6,6-1,TRUE,FALSE,15,3,12,0,0,0
6-3 0-6 6-1,6-3,FALSE,3,6-3,0-6,6-1,TRUE,TRUE,22,9,13,1,0,1
6-4 0-6 6-1,6-4,FALSE,3,6-4,0-6,6-1,TRUE,TRUE,30,15,15,2,2,0
7-5 0-6 6-1,7-5,FALSE,3,7-5,0-6,6-1,TRUE,TRUE,17,5,12,1,0,1
7-6 0-6 6-1,7-6,FALSE,3,7-6,0-6,6-1,TRUE,FALSE,13,7,6,0,0,0
6-0 1-6 6-1,6-0,FALSE,3,6-0,1-6,6-1,TRUE,TRUE,14,6,8,1,0,1
6-1 1-6 6-1,6-1,FALSE,3,6-1,1-6,6-1,TRUE,FALSE,70,24,46,0,0,0
6-2 1-6 6-1,6-2,FALSE,3,6-2,1-6,6-1,TRUE,TRUE,67,23,44,1,1,0
6-3 1-6 6-1,6-3,FALSE,3,6-3,1-6,6-1,TRUE,FALSE,108,49,59,0,0,0
6-4 1-6 6-1,6-4,FALSE,3,6-4,1-6,6-1,TRUE,TRUE,121,56,65,5,2,3
7-5 1-6 6-1,7-5,FALSE,3,7-5,1-6,6-1,TRUE,FALSE,32,18,14,0,0,0
7-6 1-6 6-1,7-6,FALSE,3,7-6,1-6,6-1,TRUE,TRUE,62,35,27,3,2,1
6-0 2-6 6-1,6-0,FALSE,3,6-0,2-6,6-1,TRUE,FALSE,24,11,13,0,0,0
6-1 2-6 6-1,6-1,FALSE,3,6-1,2-6,6-1,TRUE,TRUE,82,28,54,2,0,2
6-2 2-6 6-1,6-2,FALSE,3,6-2,2-6,6-1,TRUE,TRUE,130,43,87,4,0,4
6-3 2-6 6-1,6-3,FALSE,3,6-3,2-6,6-1,TRUE,TRUE,135,49,86,3,0,3
6-4 2-6 6-1,6-4,FALSE,3,6-4,2-6,6-1,TRUE,TRUE,155,62,93,4,1,3
7-5 2-6 6-1,7-5,FALSE,3,7-5,2-6,6-1,TRUE,FALSE,67,26,41,0,0,0
7-6 2-6 6-1,7-6,FALSE,3,7-6,2-6,6-1,TRUE,TRUE,85,48,37,2,2,0
6-0 3-6 6-1,6-0,FALSE,3,6-0,3-6,6-1,TRUE,TRUE,42,12,30,2,0,2
6-1 3-6 6-1,6-1,FALSE,3,6-1,3-6,6-1,TRUE,TRUE,175,75,100,3,1,2
6-2 3-6 6-1,6-2,FALSE,3,6-2,3-6,6-1,TRUE,TRUE,224,108,116,5,1,4
6-3 3-6 6-1,6-3,FALSE,3,6-3,3-6,6-1,TRUE,TRUE,355,193,162,7,6,1
6-4 3-6 6-1,6-4,FALSE,3,6-4,3-6,6-1,TRUE,TRUE,363,194,169,8,3,5
7-5 3-6 6-1,7-5,FALSE,3,7-5,3-6,6-1,TRUE,FALSE,121,55,66,0,0,0
7-6 3-6 6-1,7-6,FALSE,3,7-6,3-6,6-1,TRUE,TRUE,147,97,50,4,3,1
6-0 4-6 6-1,6-0,FALSE,3,6-0,4-6,6-1,TRUE,FALSE,69,23,46,0,0,0
6-1 4-6 6-1,6-1,FALSE,3,6-1,4-6,6-1,TRUE,FALSE,137,52,85,0,0,0
6-2 4-6 6-1,6-2,FALSE,3,6-2,4-6,6-1,TRUE,TRUE,221,85,136,1,0,1
6-3 4-6 6-1,6-3,FALSE,3,6-3,4-6,6-1,TRUE,TRUE,229,113,116,4,3,1
6-4 4-6 6-1,6-4,FALSE,3,6-4,4-6,6-1,TRUE,TRUE,283,114,169,3,1,2
7-5 4-6 6-1,7-5,FALSE,3,7-5,4-6,6-1,TRUE,TRUE,152,71,81,2,2,0
7-6 4-6 6-1,7-6,FALSE,3,7-6,4-6,6-1,TRUE,TRUE,185,119,66,3,2,1
6-0 5-7 6-1,6-0,FALSE,3,6-0,5-7,6-1,TRUE,FALSE,32,9,23,0,0,0
6-1 5-7 6-1,6-1,FALSE,3,6-1,5-7,6-1,TRUE,FALSE,51,17,34,0,0,0
6-2 5-7 6-1,6-2,FALSE,3,6-2,5-7,6-1,TRUE,TRUE,96,32,64,1,0,1
6-3 5-7 6-1,6-3,FALSE,3,6-3,5-7,6-1,TRUE,TRUE,110,55,55,3,0,3
6-4 5-7 6-1,6-4,FALSE,3,6-4,5-7,6-1,TRUE,TRUE,98,45,53,5,2,3
7-5 5-7 6-1,7-5,FALSE,3,7-5,5-7,6-1,TRUE,TRUE,43,16,27,1,0,1
7-6 5-7 6-1,7-6,FALSE,3,7-6,5-7,6-1,TRUE,FALSE,52,28,24,0,0,0
6-0 6-7 6-1,6-0,FALSE,3,6-0,6-7,6-1,TRUE,TRUE,29,17,12,1,1,0
6-1 6-7 6-1,6-1,FALSE,3,6-1,6-7,6-1,TRUE,TRUE,82,34,48,2,1,1
6-2 6-7 6-1,6-2,FALSE,3,6-2,6-7,6-1,TRUE,TRUE,148,81,67,3,3,0
6-3 6-7 6-1,6-3,FALSE,3,6-3,6-7,6-1,TRUE,TRUE,197,119,78,7,3,4
6-4 6-7 6-1,6-4,FALSE,3,6-4,6-7,6-1,TRUE,TRUE,193,107,86,7,4,3
7-5 6-7 6-1,7-5,FALSE,3,7-5,6-7,6-1,TRUE,FALSE,90,43,47,0,0,0
7-6 6-7 6-1,7-6,FALSE,3,7-6,6-7,6-1,TRUE,TRUE,88,59,29,6,3,3
6-0 0-6 6-2,6-0,FALSE,3,6-0,0-6,6-2,TRUE,FALSE,7,4,3,0,0,0
6-1 0-6 6-2,6-1,FALSE,3,6-1,0-6,6-2,TRUE,FALSE,17,5,12,0,0,0
6-2 0-6 6-2,6-2,FALSE,3,6-2,0-6,6-2,TRUE,FALSE,28,9,19,0,0,0
6-3 0-6 6-2,6-3,FALSE,3,6-3,0-6,6-2,TRUE,FALSE,43,17,26,0,0,0
6-4 0-6 6-2,6-4,FALSE,3,6-4,0-6,6-2,TRUE,FALSE,50,21,29,0,0,0
7-5 0-6 6-2,7-5,FALSE,3,7-5,0-6,6-2,TRUE,FALSE,17,5,12,0,0,0
7-6 0-6 6-2,7-6,FALSE,3,7-6,0-6,6-2,TRUE,FALSE,21,13,8,0,0,0
6-0 1-6 6-2,6-0,FALSE,3,6-0,1-6,6-2,TRUE,FALSE,16,5,11,0,0,0
6-1 1-6 6-2,6-1,FALSE,3,6-1,1-6,6-2,TRUE,TRUE,51,19,32,1,1,0
6-2 1-6 6-2,6-2,FALSE,3,6-2,1-6,6-2,TRUE,FALSE,77,28,49,0,0,0
6-3 1-6 6-2,6-3,FALSE,3,6-3,1-6,6-2,TRUE,TRUE,155,79,76,3,2,1
6-4 1-6 6-2,6-4,FALSE,3,6-4,1-6,6-2,TRUE,TRUE,142,63,79,7,5,2
7-5 1-6 6-2,7-5,FALSE,3,7-5,1-6,6-2,TRUE,FALSE,59,20,39,0,0,0
7-6 1-6 6-2,7-6,FALSE,3,7-6,1-6,6-2,TRUE,FALSE,69,36,33,0,0,0
6-0 2-6 6-2,6-0,FALSE,3,6-0,2-6,6-2,TRUE,FALSE,38,11,27,0,0,0
6-1 2-6 6-2,6-1,FALSE,3,6-1,2-6,6-2,TRUE,TRUE,122,37,85,3,0,3
6-2 2-6 6-2,6-2,FALSE,3,6-2,2-6,6-2,TRUE,TRUE,153,57,96,1,0,1
6-3 2-6 6-2,6-3,FALSE,3,6-3,2-6,6-2,TRUE,TRUE,221,96,125,2,0,2
6-4 2-6 6-2,6-4,FALSE,3,6-4,2-6,6-2,TRUE,TRUE,223,96,127,4,1,3
7-5 2-6 6-2,7-5,FALSE,3,7-5,2-6,6-2,TRUE,TRUE,79,33,46,1,0,1
7-6 2-6 6-2,7-6,FALSE,3,7-6,2-6,6-2,TRUE,TRUE,101,55,46,1,1,0
6-0 3-6 6-2,6-0,FALSE,3,6-0,3-6,6-2,TRUE,TRUE,57,16,41,2,0,2
6-1 3-6 6-2,6-1,FALSE,3,6-1,3-6,6-2,TRUE,TRUE,187,75,112,1,1,0
6-2 3-6 6-2,6-2,FALSE,3,6-2,3-6,6-2,TRUE,TRUE,266,109,157,5,1,4
6-3 3-6 6-2,6-3,FALSE,3,6-3,3-6,6-2,TRUE,TRUE,401,202,199,7,3,4
6-4 3-6 6-2,6-4,FALSE,3,6-4,3-6,6-2,TRUE,TRUE,366,186,180,8,4,4
7-5 3-6 6-2,7-5,FALSE,3,7-5,3-6,6-2,TRUE,TRUE,146,66,80,1,0,1
7-6 3-6 6-2,7-6,FALSE,3,7-6,3-6,6-2,TRUE,TRUE,188,107,81,3,0,3
6-0 4-6 6-2,6-0,FALSE,3,6-0,4-6,6-2,TRUE,TRUE,66,28,38,2,0,2
6-1 4-6 6-2,6-1,FALSE,3,6-1,4-6,6-2,TRUE,TRUE,184,68,116,3,0,3
6-2 4-6 6-2,6-2,FALSE,3,6-2,4-6,6-2,TRUE,TRUE,293,125,168,3,2,1
6-3 4-6 6-2,6-3,FALSE,3,6-3,4-6,6-2,TRUE,TRUE,385,161,224,4,1,3
6-4 4-6 6-2,6-4,FALSE,3,6-4,4-6,6-2,TRUE,TRUE,386,187,199,5,1,4
7-5 4-6 6-2,7-5,FALSE,3,7-5,4-6,6-2,TRUE,FALSE,169,81,88,0,0,0
7-6 4-6 6-2,7-6,FALSE,3,7-6,4-6,6-2,TRUE,TRUE,204,113,91,3,2,1
6-0 5-7 6-2,6-0,FALSE,3,6-0,5-7,6-2,TRUE,FALSE,32,10,22,0,0,0
6-1 5-7 6-2,6-1,FALSE,3,6-1,5-7,6-2,TRUE,TRUE,103,44,59,3,2,1
6-2 5-7 6-2,6-2,FALSE,3,6-2,5-7,6-2,TRUE,TRUE,152,48,104,3,1,2
6-3 5-7 6-2,6-3,FALSE,3,6-3,5-7,6-2,TRUE,TRUE,190,84,106,2,1,1
6-4 5-7 6-2,6-4,FALSE,3,6-4,5-7,6-2,TRUE,TRUE,167,88,79,3,3,0
7-5 5-7 6-2,7-5,FALSE,3,7-5,5-7,6-2,TRUE,TRUE,72,37,35,1,0,1
7-6 5-7 6-2,7-6,FALSE,3,7-6,5-7,6-2,TRUE,FALSE,91,61,30,0,0,0
6-0 6-7 6-2,6-0,FALSE,3,6-0,6-7,6-2,TRUE,TRUE,54,23,31,3,1,2
6-1 6-7 6-2,6-1,FALSE,3,6-1,6-7,6-2,TRUE,TRUE,114,60,54,1,1,0
6-2 6-7 6-2,6-2,FALSE,3,6-2,6-7,6-2,TRUE,TRUE,171,99,72,3,2,1
6-3 6-7 6-2,6-3,FALSE,3,6-3,6-7,6-2,TRUE,TRUE,255,163,92,3,3,0
6-4 6-7 6-2,6-4,FALSE,3,6-4,6-7,6-2,TRUE,TRUE,214,115,99,3,1,2
7-5 6-7 6-2,7-5,FALSE,3,7-5,6-7,6-2,TRUE,TRUE,121,58,63,5,2,3
7-6 6-7 6-2,7-6,FALSE,3,7-6,6-7,6-2,TRUE,TRUE,169,119,50,2,1,1
6-0 0-6 6-3,6-0,FALSE,3,6-0,0-6,6-3,TRUE,FALSE,4,1,3,0,0,0
6-1 0-6 6-3,6-1,FALSE,3,6-1,0-6,6-3,TRUE,TRUE,21,5,16,1,0,1
6-2 0-6 6-3,6-2,FALSE,3,6-2,0-6,6-3,TRUE,FALSE,42,12,30,0,0,0
6-3 0-6 6-3,6-3,FALSE,3,6-3,0-6,6-3,TRUE,FALSE,47,15,32,0,0,0
6-4 0-6 6-3,6-4,FALSE,3,6-4,0-6,6-3,TRUE,FALSE,34,14,20,0,0,0
7-5 0-6 6-3,7-5,FALSE,3,7-5,0-6,6-3,TRUE,TRUE,34,15,19,1,0,1
7-6 0-6 6-3,7-6,FALSE,3,7-6,0-6,6-3,TRUE,TRUE,31,13,18,1,0,1
6-0 1-6 6-3,6-0,FALSE,3,6-0,1-6,6-3,TRUE,TRUE,16,4,12,1,0,1
6-1 1-6 6-3,6-1,FALSE,3,6-1,1-6,6-3,TRUE,FALSE,112,61,51,0,0,0
6-2 1-6 6-3,6-2,FALSE,3,6-2,1-6,6-3,TRUE,TRUE,139,66,73,1,1,0
6-3 1-6 6-3,6-3,FALSE,3,6-3,1-6,6-3,TRUE,TRUE,261,144,117,5,1,4
6-4 1-6 6-3,6-4,FALSE,3,6-4,1-6,6-3,TRUE,TRUE,281,156,125,8,4,4
7-5 1-6 6-3,7-5,FALSE,3,7-5,1-6,6-3,TRUE,TRUE,81,37,44,1,1,0
7-6 1-6 6-3,7-6,FALSE,3,7-6,1-6,6-3,TRUE,TRUE,133,76,57,1,0,1
6-0 2-6 6-3,6-0,FALSE,3,6-0,2-6,6-3,TRUE,TRUE,41,23,18,1,0,1
6-1 2-6 6-3,6-1,FALSE,3,6-1,2-6,6-3,TRUE,TRUE,118,45,73,1,0,1
6-2 2-6 6-3,6-2,FALSE,3,6-2,2-6,6-3,TRUE,TRUE,261,119,142,4,3,1
6-3 2-6 6-3,6-3,FALSE,3,6-3,2-6,6-3,TRUE,TRUE,289,136,153,3,1,2
6-4 2-6 6-3,6-4,FALSE,3,6-4,2-6,6-3,TRUE,TRUE,288,130,158,2,2,0
7-5 2-6 6-3,7-5,FALSE,3,7-5,2-6,6-3,TRUE,TRUE,132,66,66,2,0,2
7-6 2-6 6-3,7-6,FALSE,3,7-6,2-6,6-3,TRUE,TRUE,204,119,85,3,2,1
6-0 3-6 6-3,6-0,FALSE,3,6-0,3-6,6-3,TRUE,FALSE,77,33,44,0,0,0
6-1 3-6 6-3,6-1,FALSE,3,6-1,3-6,6-3,TRUE,TRUE,319,158,161,7,4,3
6-2 3-6 6-3,6-2,FALSE,3,6-2,3-6,6-3,TRUE,TRUE,471,258,213,6,1,5
6-3 3-6 6-3,6-3,FALSE,3,6-3,3-6,6-3,TRUE,TRUE,830,530,300,17,9,8
6-4 3-6 6-3,6-4,FALSE,3,6-4,3-6,6-3,TRUE,TRUE,773,513,260,23,14,9
7-5 3-6 6-3,7-5,FALSE,3,7-5,3-6,6-3,TRUE,TRUE,246,141,105,5,2,3
7-6 3-6 6-3,7-6,FALSE,3,7-6,3-6,6-3,TRUE,TRUE,364,260,104,6,4,2
6-0 4-6 6-3,6-0,FALSE,3,6-0,4-6,6-3,TRUE,TRUE,95,46,49,2,0,2
6-1 4-6 6-3,6-1,FALSE,3,6-1,4-6,6-3,TRUE,TRUE,227,101,126,6,1,5
6-2 4-6 6-3,6-2,FALSE,3,6-2,4-6,6-3,TRUE,TRUE,381,176,205,7,3,4
6-3 4-6 6-3,6-3,FALSE,3,6-3,4-6,6-3,TRUE,TRUE,478,246,232,6,4,2
6-4 4-6 6-3,6-4,FALSE,3,6-4,4-6,6-3,TRUE,TRUE,515,257,258,9,4,5
7-5 4-6 6-3,7-5,FALSE,3,7-5,4-6,6-3,TRUE,TRUE,297,169,128,8,4,4
7-6 4-6 6-3,7-6,FALSE,3,7-6,4-6,6-3,TRUE,TRUE,421,292,129,15,11,4
6-0 5-7 6-3,6-0,FALSE,3,6-0,5-7,6-3,TRUE,FALSE,37,15,22,0,0,0
6-1 5-7 6-3,6-1,FALSE,3,6-1,5-7,6-3,TRUE,TRUE,111,45,66,1,0,1
6-2 5-7 6-3,6-2,FALSE,3,6-2,5-7,6-3,TRUE,TRUE,156,84,72,3,2,1
6-3 5-7 6-3,6-3,FALSE,3,6-3,5-7,6-3,TRUE,TRUE,235,114,121,6,0,6
6-4 5-7 6-3,6-4,FALSE,3,6-4,5-7,6-3,TRUE,TRUE,202,109,93,4,3,1
7-5 5-7 6-3,7-5,FALSE,3,7-5,5-7,6-3,TRUE,FALSE,119,60,59,0,0,0
7-6 5-7 6-3,7-6,FALSE,3,7-6,5-7,6-3,TRUE,TRUE,143,86,57,2,2,0
6-0 6-7 6-3,6-0,FALSE,3,6-0,6-7,6-3,TRUE,FALSE,41,16,25,0,0,0
6-1 6-7 6-3,6-1,FALSE,3,6-1,6-7,6-3,TRUE,TRUE,178,92,86,4,1,3
6-2 6-7 6-3,6-2,FALSE,3,6-2,6-7,6-3,TRUE,TRUE,268,150,118,6,5,1
6-3 6-7 6-3,6-3,FALSE,3,6-3,6-7,6-3,TRUE,TRUE,414,298,116,8,7,1
6-4 6-7 6-3,6-4,FALSE,3,6-4,6-7,6-3,TRUE,TRUE,453,310,143,13,11,2
7-5 6-7 6-3,7-5,FALSE,3,7-5,6-7,6-3,TRUE,TRUE,137,80,57,4,1,3
7-6 6-7 6-3,7-6,FALSE,3,7-6,6-7,6-3,TRUE,TRUE,238,188,50,3,2,1
6-0 0-6 6-4,6-0,FALSE,3,6-0,0-6,6-4,TRUE,FALSE,6,0,6,0,0,0
6-1 0-6 6-4,6-1,FALSE,3,6-1,0-6,6-4,TRUE,FALSE,25,11,14,0,0,0
6-2 0-6 6-4,6-2,FALSE,3,6-2,0-6,6-4,TRUE,TRUE,39,17,22,1,0,1
6-3 0-6 6-4,6-3,FALSE,3,6-3,0-6,6-4,TRUE,TRUE,53,21,32,1,0,1
6-4 0-6 6-4,6-4,FALSE,3,6-4,0-6,6-4,TRUE,FALSE,64,28,36,0,0,0
7-5 0-6 6-4,7-5,FALSE,3,7-5,0-6,6-4,TRUE,FALSE,41,25,16,0,0,0
7-6 0-6 6-4,7-6,FALSE,3,7-6,0-6,6-4,TRUE,FALSE,28,14,14,0,0,0
6-0 1-6 6-4,6-0,FALSE,3,6-0,1-6,6-4,TRUE,FALSE,27,7,20,0,0,0
6-1 1-6 6-4,6-1,FALSE,3,6-1,1-6,6-4,TRUE,TRUE,84,30,54,1,0,1
6-2 1-6 6-4,6-2,FALSE,3,6-2,1-6,6-4,TRUE,TRUE,103,33,70,2,1,1
6-3 1-6 6-4,6-3,FALSE,3,6-3,1-6,6-4,TRUE,TRUE,166,78,88,1,0,1
6-4 1-6 6-4,6-4,FALSE,3,6-4,1-6,6-4,TRUE,TRUE,181,76,105,2,1,1
7-5 1-6 6-4,7-5,FALSE,3,7-5,1-6,6-4,TRUE,TRUE,82,31,51,1,0,1
7-6 1-6 6-4,7-6,FALSE,3,7-6,1-6,6-4,TRUE,TRUE,121,70,51,5,2,3
6-0 2-6 6-4,6-0,FALSE,3,6-0,2-6,6-4,TRUE,FALSE,47,19,28,0,0,0
6-1 2-6 6-4,6-1,FALSE,3,6-1,2-6,6-4,TRUE,TRUE,127,51,76,1,0,1
6-2 2-6 6-4,6-2,FALSE,3,6-2,2-6,6-4,TRUE,TRUE,219,95,124,3,0,3
6-3 2-6 6-4,6-3,FALSE,3,6-3,2-6,6-4,TRUE,TRUE,318,152,166,3,1,2
6-4 2-6 6-4,6-4,FALSE,3,6-4,2-6,6-4,TRUE,TRUE,358,190,168,8,3,5
7-5 2-6 6-4,7-5,FALSE,3,7-5,2-6,6-4,TRUE,TRUE,147,62,85,3,0,3
7-6 2-6 6-4,7-6,FALSE,3,7-6,2-6,6-4,TRUE,TRUE,181,98,83,7,2,5
6-0 3-6 6-4,6-0,FALSE,3,6-0,3-6,6-4,TRUE,TRUE,50,17,33,3,0,3
6-1 3-6 6-4,6-1,FALSE,3,6-1,3-6,6-4,TRUE,TRUE,179,87,92,3,0,3
6-2 3-6 6-4,6-2,FALSE,3,6-2,3-6,6-4,TRUE,TRUE,290,137,153,6,1,5
6-3 3-6 6-4,6-3,FALSE,3,6-3,3-6,6-4,TRUE,TRUE,442,223,219,6,2,4
6-4 3-6 6-4,6-4,FALSE,3,6-4,3-6,6-4,TRUE,TRUE,501,276,225,6,2,4
7-5 3-6 6-4,7-5,FALSE,3,7-5,3-6,6-4,TRUE,TRUE,169,79,90,2,0,2
7-6 3-6 6-4,7-6,FALSE,3,7-6,3-6,6-4,TRUE,TRUE,260,175,85,6,5,1
6-0 4-6 6-4,6-0,FALSE,3,6-0,4-6,6-4,TRUE,TRUE,57,23,34,2,1,1
6-1 4-6 6-4,6-1,FALSE,3,6-1,4-6,6-4,TRUE,TRUE,231,107,124,8,3,5
6-2 4-6 6-4,6-2,FALSE,3,6-2,4-6,6-4,TRUE,TRUE,356,162,194,4,2,2
6-3 4-6 6-4,6-3,FALSE,3,6-3,4-6,6-4,TRUE,TRUE,511,300,211,11,6,5
6-4 4-6 6-4,6-4,FALSE,3,6-4,4-6,6-4,TRUE,TRUE,558,306,252,14,10,4
7-5 4-6 6-4,7-5,FALSE,3,7-5,4-6,6-4,TRUE,TRUE,222,111,111,1,0,1
7-6 4-6 6-4,7-6,FALSE,3,7-6,4-6,6-4,TRUE,TRUE,298,187,111,5,2,3
6-0 5-7 6-4,6-0,FALSE,3,6-0,5-7,6-4,TRUE,FALSE,33,8,25,0,0,0
6-1 5-7 6-4,6-1,FALSE,3,6-1,5-7,6-4,TRUE,TRUE,115,61,54,3,2,1
6-2 5-7 6-4,6-2,FALSE,3,6-2,5-7,6-4,TRUE,TRUE,176,80,96,2,1,1
6-3 5-7 6-4,6-3,FALSE,3,6-3,5-7,6-4,TRUE,TRUE,298,162,136,6,3,3
6-4 5-7 6-4,6-4,FALSE,3,6-4,5-7,6-4,TRUE,TRUE,316,164,152,5,1,4
7-5 5-7 6-4,7-5,FALSE,3,7-5,5-7,6-4,TRUE,FALSE,115,63,52,0,0,0
7-6 5-7 6-4,7-6,FALSE,3,7-6,5-7,6-4,TRUE,TRUE,136,94,42,2,1,1
6-0 6-7 6-4,6-0,FALSE,3,6-0,6-7,6-4,TRUE,FALSE,49,19,30,0,0,0
6-1 6-7 6-4,6-1,FALSE,3,6-1,6-7,6-4,TRUE,TRUE,127,61,66,4,1,3
6-2 6-7 6-4,6-2,FALSE,3,6-2,6-7,6-4,TRUE,TRUE,222,126,96,2,1,1
6-3 6-7 6-4,6-3,FALSE,3,6-3,6-7,6-4,TRUE,TRUE,297,189,108,6,3,3
6-4 6-7 6-4,6-4,FALSE,3,6-4,6-7,6-4,TRUE,TRUE,360,247,113,7,5,2
7-5 6-7 6-4,7-5,FALSE,3,7-5,6-7,6-4,TRUE,TRUE,145,84,61,8,2,6
7-6 6-7 6-4,7-6,FALSE,3,7-6,6-7,6-4,TRUE,TRUE,276,224,52,5,4,1
6-0 0-6 7-5,6-0,FALSE,3,6-0,0-6,7-5,FALSE,FALSE,0,0,0,0,0,0
6-1 0-6 7-5,6-1,FALSE,3,6-1,0-6,7-5,TRUE,TRUE,10,3,7,1,0,1
6-2 0-6 7-5,6-2,FALSE,3,6-2,0-6,7-5,TRUE,FALSE,15,8,7,0,0,0
6-3 0-6 7-5,6-3,FALSE,3,6-3,0-6,7-5,TRUE,TRUE,28,14,14,1,0,1
6-4 0-6 7-5,6-4,FALSE,3,6-4,0-6,7-5,TRUE,TRUE,33,20,13,1,1,0
7-5 0-6 7-5,7-5,FALSE,3,7-5,0-6,7-5,TRUE,FALSE,8,5,3,0,0,0
7-6 0-6 7-5,7-6,FALSE,3,7-6,0-6,7-5,TRUE,FALSE,10,6,4,0,0,0
6-0 1-6 7-5,6-0,FALSE,3,6-0,1-6,7-5,TRUE,FALSE,12,3,9,0,0,0
6-1 1-6 7-5,6-1,FALSE,3,6-1,1-6,7-5,TRUE,TRUE,38,14,24,1,1,0
6-2 1-6 7-5,6-2,FALSE,3,6-2,1-6,7-5,TRUE,TRUE,58,21,37,2,0,2
6-3 1-6 7-5,6-3,FALSE,3,6-3,1-6,7-5,TRUE,TRUE,90,43,47,3,2,1
6-4 1-6 7-5,6-4,FALSE,3,6-4,1-6,7-5,TRUE,FALSE,102,51,51,0,0,0
7-5 1-6 7-5,7-5,FALSE,3,7-5,1-6,7-5,TRUE,TRUE,32,17,15,1,0,1
7-6 1-6 7-5,7-6,FALSE,3,7-6,1-6,7-5,TRUE,TRUE,59,34,25,1,0,1
6-0 2-6 7-5,6-0,FALSE,3,6-0,2-6,7-5,TRUE,FALSE,18,5,13,0,0,0
6-1 2-6 7-5,6-1,FALSE,3,6-1,2-6,7-5,TRUE,FALSE,53,20,33,0,0,0
6-2 2-6 7-5,6-2,FALSE,3,6-2,2-6,7-5,TRUE,TRUE,98,41,57,3,2,1
6-3 2-6 7-5,6-3,FALSE,3,6-3,2-6,7-5,TRUE,TRUE,132,70,62,3,2,1
6-4 2-6 7-5,6-4,FALSE,3,6-4,2-6,7-5,TRUE,TRUE,144,68,76,1,1,0
7-5 2-6 7-5,7-5,FALSE,3,7-5,2-6,7-5,TRUE,TRUE,67,28,39,1,0,1
7-6 2-6 7-5,7-6,FALSE,3,7-6,2-6,7-5,TRUE,TRUE,74,40,34,2,2,0
6-0 3-6 7-5,6-0,FALSE,3,6-0,3-6,7-5,TRUE,TRUE,33,10,23,1,0,1
6-1 3-6 7-5,6-1,FALSE,3,6-1,3-6,7-5,TRUE,TRUE,94,46,48,2,1,1
6-2 3-6 7-5,6-2,FALSE,3,6-2,3-6,7-5,TRUE,TRUE,188,93,95,3,0,3
6-3 3-6 7-5,6-3,FALSE,3,6-3,3-6,7-5,TRUE,TRUE,274,160,114,10,6,4
6-4 3-6 7-5,6-4,FALSE,3,6-4,3-6,7-5,TRUE,TRUE,258,142,116,5,4,1
7-5 3-6 7-5,7-5,FALSE,3,7-5,3-6,7-5,TRUE,TRUE,89,42,47,2,0,2
7-6 3-6 7-5,7-6,FALSE,3,7-6,3-6,7-5,TRUE,TRUE,147,85,62,7,1,6
6-0 4-6 7-5,6-0,FALSE,3,6-0,4-6,7-5,TRUE,FALSE,34,16,18,0,0,0
6-1 4-6 7-5,6-1,FALSE,3,6-1,4-6,7-5,TRUE,TRUE,106,50,56,3,0,3
6-2 4-6 7-5,6-2,FALSE,3,6-2,4-6,7-5,TRUE,TRUE,174,77,97,4,1,3
6-3 4-6 7-5,6-3,FALSE,3,6-3,4-6,7-5,TRUE,TRUE,218,107,111,2,0,2
6-4 4-6 7-5,6-4,FALSE,3,6-4,4-6,7-5,TRUE,TRUE,222,109,113,6,3,3
7-5 4-6 7-5,7-5,FALSE,3,7-5,4-6,7-5,TRUE,TRUE,107,53,54,1,1,0
7-6 4-6 7-5,7-6,FALSE,3,7-6,4-6,7-5,TRUE,TRUE,151,96,55,4,2,2
6-0 5-7 7-5,6-0,FALSE,3,6-0,5-7,7-5,TRUE,FALSE,14,5,9,0,0,0
6-1 5-7 7-5,6-1,FALSE,3,6-1,5-7,7-5,TRUE,FALSE,47,16,31,0,0,0
6-2 5-7 7-5,6-2,FALSE,3,6-2,5-7,7-5,TRUE,FALSE,75,25,50,0,0,0
6-3 5-7 7-5,6-3,FALSE,3,6-3,5-7,7-5,TRUE,TRUE,114,61,53,1,0,1
6-4 5-7 7-5,6-4,FALSE,3,6-4,5-7,7-5,TRUE,FALSE,114,53,61,0,0,0
7-5 5-7 7-5,7-5,FALSE,3,7-5,5-7,7-5,TRUE,FALSE,50,21,29,0,0,0
7-6 5-7 7-5,7-6,FALSE,3,7-6,5-7,7-5,TRUE,TRUE,54,35,19,1,1,0
6-0 6-7 7-5,6-0,FALSE,3,6-0,6-7,7-5,TRUE,FALSE,17,9,8,0,0,0
6-1 6-7 7-5,6-1,FALSE,3,6-1,6-7,7-5,TRUE,TRUE,61,34,27,4,2,2
6-2 6-7 7-5,6-2,FALSE,3,6-2,6-7,7-5,TRUE,TRUE,104,57,47,1,1,0
6-3 6-7 7-5,6-3,FALSE,3,6-3,6-7,7-5,TRUE,TRUE,135,79,56,3,2,1
6-4 6-7 7-5,6-4,FALSE,3,6-4,6-7,7-5,TRUE,TRUE,159,99,60,3,3,0
7-5 6-7 7-5,7-5,FALSE,3,7-5,6-7,7-5,TRUE,TRUE,65,34,31,1,1,0
7-6 6-7 7-5,7-6,FALSE,3,7-6,6-7,7-5,TRUE,TRUE,98,70,28,3,0,3
6-0 0-6 7-6,6-0,FALSE,3,6-0,0-6,7-6,TRUE,FALSE,4,1,3,0,0,0
6-1 0-6 7-6,6-1,FALSE,3,6-1,0-6,7-6,TRUE,FALSE,7,2,5,0,0,0
6-2 0-6 7-6,6-2,FALSE,3,6-2,0-6,7-6,TRUE,FALSE,20,13,7,0,0,0
6-3 0-6 7-6,6-3,FALSE,3,6-3,0-6,7-6,TRUE,FALSE,19,10,9,0,0,0
6-4 0-6 7-6,6-4,FALSE,3,6-4,0-6,7-6,TRUE,TRUE,15,3,12,1,0,1
7-5 0-6 7-6,7-5,FALSE,3,7-5,0-6,7-6,TRUE,FALSE,11,7,4,0,0,0
7-6 0-6 7-6,7-6,FALSE,3,7-6,0-6,7-6,TRUE,FALSE,21,12,9,0,0,0
6-0 1-6 7-6,6-0,FALSE,3,6-0,1-6,7-6,TRUE,FALSE,5,3,2,0,0,0
6-1 1-6 7-6,6-1,FALSE,3,6-1,1-6,7-6,TRUE,FALSE,34,20,14,0,0,0
6-2 1-6 7-6,6-2,FALSE,3,6-2,1-6,7-6,TRUE,FALSE,60,33,27,0,0,0
6-3 1-6 7-6,6-3,FALSE,3,6-3,1-6,7-6,TRUE,TRUE,99,69,30,2,2,0
6-4 1-6 7-6,6-4,FALSE,3,6-4,1-6,7-6,TRUE,TRUE,117,72,45,3,2,1
7-5 1-6 7-6,7-5,FALSE,3,7-5,1-6,7-6,TRUE,FALSE,41,22,19,0,0,0
7-6 1-6 7-6,7-6,FALSE,3,7-6,1-6,7-6,TRUE,FALSE,50,35,15,0,0,0
6-0 2-6 7-6,6-0,FALSE,3,6-0,2-6,7-6,TRUE,FALSE,9,7,2,0,0,0
6-1 2-6 7-6,6-1,FALSE,3,6-1,2-6,7-6,TRUE,TRUE,43,22,21,1,1,0
6-2 2-6 7-6,6-2,FALSE,3,6-2,2-6,7-6,TRUE,TRUE,107,56,51,1,0,1
6-3 2-6 7-6,6-3,FALSE,3,6-3,2-6,7-6,TRUE,TRUE,154,94,60,5,3,2
6-4 2-6 7-6,6-4,FALSE,3,6-4,2-6,7-6,TRUE,TRUE,142,88,54,6,4,2
7-5 2-6 7-6,7-5,FALSE,3,7-5,2-6,7-6,TRUE,TRUE,52,34,18,2,2,0
7-6 2-6 7-6,7-6,FALSE,3,7-6,2-6,7-6,TRUE,TRUE,112,83,29,3,3,0
6-0 3-6 7-6,6-0,FALSE,3,6-0,3-6,7-6,TRUE,FALSE,27,14,13,0,0,0
6-1 3-6 7-6,6-1,FALSE,3,6-1,3-6,7-6,TRUE,TRUE,110,67,43,1,1,0
6-2 3-6 7-6,6-2,FALSE,3,6-2,3-6,7-6,TRUE,TRUE,172,109,63,5,3,2
6-3 3-6 7-6,6-3,FALSE,3,6-3,3-6,7-6,TRUE,TRUE,320,221,99,11,6,5
6-4 3-6 7-6,6-4,FALSE,3,6-4,3-6,7-6,TRUE,TRUE,328,226,102,10,5,5
7-5 3-6 7-6,7-5,FALSE,3,7-5,3-6,7-6,TRUE,TRUE,111,82,29,5,3,2
7-6 3-6 7-6,7-6,FALSE,3,7-6,3-6,7-6,TRUE,TRUE,217,171,46,6,5,1
6-0 4-6 7-6,6-0,FALSE,3,6-0,4-6,7-6,TRUE,FALSE,29,14,15,0,0,0
6-1 4-6 7-6,6-1,FALSE,3,6-1,4-6,7-6,TRUE,TRUE,77,38,39,2,2,0
6-2 4-6 7-6,6-2,FALSE,3,6-2,4-6,7-6,TRUE,TRUE,156,88,68,5,5,0
6-3 4-6 7-6,6-3,FALSE,3,6-3,4-6,7-6,TRUE,TRUE,233,147,86,5,3,2
6-4 4-6 7-6,6-4,FALSE,3,6-4,4-6,7-6,TRUE,TRUE,237,152,85,11,6,5
7-5 4-6 7-6,7-5,FALSE,3,7-5,4-6,7-6,TRUE,TRUE,101,66,35,4,1,3
7-6 4-6 7-6,7-6,FALSE,3,7-6,4-6,7-6,TRUE,TRUE,203,166,37,4,3,1
6-0 5-7 7-6,6-0,FALSE,3,6-0,5-7,7-6,TRUE,FALSE,11,4,7,0,0,0
6-1 5-7 7-6,6-1,FALSE,3,6-1,5-7,7-6,TRUE,TRUE,53,26,27,2,1,1
6-2 5-7 7-6,6-2,FALSE,3,6-2,5-7,7-6,TRUE,TRUE,75,49,26,1,0,1
6-3 5-7 7-6,6-3,FALSE,3,6-3,5-7,7-6,TRUE,TRUE,107,75,32,3,2,1
6-4 5-7 7-6,6-4,FALSE,3,6-4,5-7,7-6,TRUE,TRUE,129,82,47,3,2,1
7-5 5-7 7-6,7-5,FALSE,3,7-5,5-7,7-6,TRUE,TRUE,47,29,18,1,1,0
7-6 5-7 7-6,7-6,FALSE,3,7-6,5-7,7-6,TRUE,TRUE,92,74,18,2,2,0
6-0 6-7 7-6,6-0,FALSE,3,6-0,6-7,7-6,TRUE,FALSE,22,15,7,0,0,0
6-1 6-7 7-6,6-1,FALSE,3,6-1,6-7,7-6,TRUE,FALSE,77,55,22,0,0,0
6-2 6-7 7-6,6-2,FALSE,3,6-2,6-7,7-6,TRUE,TRUE,130,89,41,6,4,2
6-3 6-7 7-6,6-3,FALSE,3,6-3,6-7,7-6,TRUE,TRUE,225,179,46,6,4,2
6-4 6-7 7-6,6-4,FALSE,3,6-4,6-7,7-6,TRUE,TRUE,242,186,56,5,4,1
7-5 6-7 7-6,7-5,FALSE,3,7-5,6-7,7-6,TRUE,TRUE,80,57,23,5,4,1
7-6 6-7 7-6,7-6,FALSE,3,7-6,6-7,7-6,TRUE,TRUE,181,164,17,3,3,0
