First Name,Last Name,Country,Clothing,Shoes,Racket,Sleeve/Shirt/Cap
Radu,Albot,MDA,Yonex,Yonex,Yonex,"Duracell | Mimi"
Carlos,Alcaraz,ESP,Nike,Nike,Babolat,
Daniel,Altmaier,GER,Yonex,Yonex,Yonex,
Matteo,Arnaldi,ITA,Le Coq Sportif → EA7,Asics,Head,FCMA Group
Felix,Auger-Aliassime,CAN,Adidas,Adidas,Babolat,Renault
Sebastian,Baez,ARG,Le Coq Sportif,Asics,Yonex,Alamos
Facundo,Bagnis,ARG,Joma,Joma,Babolat,
Gregoire,Barrere,FRA,Lacoste,Lacoste,Tecnifibre,
Nikoloz,Basilashvili,GEO,EA7,Nike*,Head,
Roberto,Bautista Agut,ESP,Mizuno,Mizuno,Wilson,"Villarreal | Lexus"
Ricardas,Berankis,LTU,Yonex,Yonex,Yonex,
Zizou,Bergs,BEL,Yonex,Yonex,Yonex,
Matteo,Berrettini,ITA,Hugo Boss,Asics,Head,"Red Bull | Illumia"
Benjamin,Bonzi,FRA,Lotto,Lotto,Wilson,Bastide Medical
Nuno,Borges,POR,Head,Head,Head,"Hyundai | Millennium bcp"
Liam,Broady,GBR,Joma,Joma,Dunlop,
Jenson,Brooksby,USA,Uomo Sport,Wilson*,Dunlop,Motorola
Yunchaokete,Bu,CHN,Yonex,Yonex,Yonex,"Rogt | Mebo"
Alexander,Bublik,KAZ,EA7,Nike*,Tecnifibre,Bianchet
Pedro,Cachin,ARG,K-Swiss,K-Swiss,Yonex,
Roberto,Carballes Baena,ESP,Lotto,Lotto,Wilson,Hundred%
Pablo,Carreno Busta,ESP,Joma,Joma,Wilson,Isdin
Salvatore,Caruso,ITA,Australian,Asics,Wilson,
Arthur,Cazaux,FRA,Lacoste,Lacoste,Babolat,Extia
Marco,Cecchinato,ITA,Joma,Joma,Babolat,
Francisco,Cerundolo,ARG,Adidas,Adidas,Head,"Pax | Disney+"
Juan Manuel,Cerundolo,ARG,Fila → Adidas,Fila → Adidas,Head,Pax
Marin,Cilic,CRO,Head,Head,Head,IronMaxx
Flavio,Cobolli,ITA,Lotto → On,Lotto → On,Head,"Pulsee | Men + care"
Francisco,Comesana,ARG,Lotto → Fila,Lotto → Fila,Head,
Federico,Coria,ARG,About Sports,Adidas*,Head,Disney+
Borna,Coric,CRO,Asics,Asics,Wilson,
Maxime,Cressy,USA,New Balance,New Balance,Babolat,
Taro,Daniel,JPN,Mizuno,Mizuno,Babolat,
Luciano,Darderi,ITA,Lotto → EA7,Lotto → K-Swiss,Yonex,"Sportequipe | Numero Blu"
Alejandro,Davidovich Fokina,ESP,Adidas,Adidas,Head,
Alex,De Minaur,AUS,Asics,Asics,Wilson,"Pepperstone | SAP"
Hugo,Dellien,BOL,Lotto,Lotto,Babolat,
Gabriel,Diallo,CAN,Adidas,Adidas,Wilson,
Facundo,Diaz Acosta,ARG,Joma,Joma,Wilson,BAIC
Grigor,Dimitrov,BUL,Lacoste,Nike → Adidas,Wilson,"Bianchet | Payhawk"
Laslo,Djere,SRB,Lotto,Lotto,Wilson,
Novak,Djokovic,SRB,Lacoste,Asics,Head,"Own logo | Qatar Airways | Aman"
Jack,Draper,GBR,Nike,Nike,Dunlop,
James,Duckworth,AUS,Australian,Adidas*,Babolat,
Damir,Dzumhur,BIH,Mizuno,Mizuno,Wilson,
Tomas Martin,Etcheverry,ARG,K-Swiss,K-Swiss,Yonex,
Christopher,Eubanks,USA,Asics → J. Lindeberg,Asics,Tecnifibre,"Vita Coco | FICO"
Daniel,Evans,GBR,LUKE,Asics*,Wilson,"Hotelplanner.com | Novellus"
Jacob,Fearnley,GBR,Vuori → Adidas,Nike → Adidas,Babolat,GCM Grosvenor
Arthur,Fils,FRA,Lacoste,Asics,Babolat,Evian
Fabio,Fognini,ITA,EA7,K-Swiss,Babolat,"Own logo | Dierre | United Therapeutics"
Joao,Fonseca,BRA,On,On,Yonex,XP
Taylor,Fritz,USA,Hugo Boss,Asics,Head,"Motorola | Chipotle"
Marton,Fucsovics,HUN,About Sports → Australian,Nike,Yonex,"Mol | Hotelplanner.com"
Daniel Elahi,Galán,COL,Joma,Joma,Wilson,Colsanitas
Cristian,Garin,CHI,About Sports → Lululemon*,Nike → New Balance,Wilson → Head,
Richard,Gasquet,FRA,Le Coq Sportif,Le Coq Sportif,Head,
Hugo,Gaston,FRA,Adidas → –,Adidas*,Wilson,Extia
Egor,Gerasimov,BLR,Hydrogen,Nike,Head,
Marcos,Giron,USA,Vuori,Adidas*,Yonex,
David,Goffin,BEL,Asics,Asics,Wilson,
Borna,Gojo,CRO,Lotto,Lotto,Head,
Tallon,Griekspoor,NED,Indian Maharadja,Asics,Tecnifibre,"Hotelplanner.com | Gilion"
Quentin,Halys,FRA,Fila,Fila,Wilson,
Yannick,Hanfmann,GER,Le Coq Sportif,Asics,Head,Fläsh
Lloyd,Harris,RSA,Lotto,Lotto,Yonex,
Pierre-Hugues,Herbert,FRA,Lacoste,Nike → Lacoste,Yonex,"Weleda | Brainvest"
Rinky,Hijikata,AUS,Fila,Fila,Yonex,
Ugo,Humbert,FRA,Lacoste,Lacoste,Wilson,"Renault | DLSI"
Hubert,Hurkacz,POL,Yonex → Adidas,Yonex → Adidas,Yonex → Wilson,Waterdrop
Marc-Andrea,Hüsler,SUI,Fourteen,Asics,Wilson,Fromm
Ilya,Ivashka,BLR,Hydrogen,Nike,Head,
Nicolas,Jarry,CHI,Nico (Own logo) → Wilson,Nike → Wilson,Wilson,
Aslan,Karatsev,RUS,Bonifique → Fourteen,Asics* → K-Swiss,Head,
Miomir,Kecmanovic,SRB,Dunlop,Nike*,Dunlop,
Karen,Khachanov,RUS,Nike,Nike,Wilson,
Dominik,Koepfer,GER,Bidi Badu,Asics,Head,Westinghouse
Thanasi,Kokkinakis,AUS,Cotton On,Adidas*,Babolat,"ATL | Rokeby"
Sebastian,Korda,USA,Nike,Nike,Wilson,
Pavel,Kotov,RUS,Lotto,Lotto,Head,
Aleksandar,Kovacevic,USA,Lotto → Redvanly,Lotto → New Balance,Wilson,
Jozef,Kovalik,SVK,Hydrogen*,Mizuno,Prince,
Jason,Kubler,AUS,Asics,Asics,Babolat,
Mikhail,Kukushkin,KAZ,Head,Asics,Head,
Soonwoo,Kwon,KOR,Fila,Fila,Yonex,Flex
Nick,Kyrgios,AUS,Nike,Nike,Yonex,
Dusan,Lajovic,SRB,Australian,Asics,Wilson,
Jiri,Lehecka,CZE,Le Coq Sportif,Wilson,Wilson,Aercap
Constant,Lestienne,FRA,Le Coq Sportif,Le Coq Sportif → Asics,Tecnifibre,Extia
Tomas,Machac,CZE,Joma,Joma,Yonex,TK Plus
Gianluca,Mager,ITA,Lotto,Lotto,Head,
Kamil,Majchrzak,POL,Lotto → Asics,Lotto → Asics,Yonex,Nowalijka
Adrian,Mannarino,FRA,Celio,Nike*,Babolat,
Fabian,Marozsan,HUN,DRK → Joma,Lotto* → Joma,Babolat,"Hold | Home"
Maximilian,Marterer,GER,Adidas,Adidas,Babolat,Dr. Heilbronner
Pedro,Martinez,ESP,Joma,Joma,Wilson,"HotelPlanner | TEC"
Mackenzie,McDonald,USA,Original Penguin,K-Swiss,Wilson,"Insperity | RBC"
Hamad,Medjedovic,SRB,EA7,Asics,Babolat,4XC
Daniil,Medvedev,RUS,Lacoste,Lacoste,Tecnifibre,Bovet 1822
Jakub,Mensik,CZE,Adidas,Adidas,Wilson,"Prostejov | OKsystem"
Alex,Michelsen,USA,Adidas,Adidas,Babolat,
Michael,Mmoh,USA,Adidas,Adidas,Yonex → Dunlop,
Alex,Molcan,SVK,Asics,Asics,Wilson,
Gael,Monfils,FRA,Artengo,Artengo,Artengo,MacPaw
Thiago,Monteiro,BRA,Joma → Slyce,Joma,Wilson,"Angá | EQI"
Corentin,Moutet,FRA,Asics → Celio,Asics,Wilson → Tecnifibre,Echelon
Giovanni,Mpetshi Perricard,FRA,Nike,Nike,Babolat,
Alexandre,Muller,FRA,Adidas → Joma,Adidas → Joma,Babolat,
Jaume,Munar,ESP,Adidas,Adidas,Yonex,
Lorenzo,Musetti,ITA,Asics,Asics,Head,
Sumit,Nagal,IND,Asics,Asics,Yonex,"Indian Oil | Aryan"
Brandon,Nakashima,USA,Fila,Fila,Babolat → Yonex,
Luca,Nardi,ITA,Yonex → Adidas,Asics → Adidas,Yonex,
Mariano,Navone,ARG,Joma,Joma,Head,"Praemium | Wild of Hyatt"
Kei,Nishikori,JPN,Uniqlo,Nike,Wilson,Japan Airlines
Yoshihito,Nishioka,JPN,Yonex → Tential,Yonex,Yonex,Miki House
Cameron,Norrie,GBR,K-Swiss → Babolat,K-Swiss → Babolat,Babolat,Rado
Dennis,Novak,AUT,Lotto,Lotto,Head,
Christopher,O'Connell,AUS,Le Coq Sportif,Wilson,Wilson,
Sebastian,Ofner,AUT,Lotto,Lotto,Babolat,"Omni Biotic | KNV"
Reilly,Opelka,USA,Fila,Fila,Wilson → Tecnifibre,
Oscar,Otte,GER,Grubenhelden → Quiet Please,Babolat,Babolat,IFM
Benoit,Paire,FRA,Lacoste → Celio,Babolat,Babolat,
Tommy,Paul,USA,New Balance,New Balance,Yonex,"Motorola | Celsius"
Alexei,Popyrin,AUS,Psycho Bunny,Adidas*,Dunlop,"Hisense | ÜKG"
Vasek,Pospisil,CAN,Original Penguin → Own brand,Asics,Wilson,"Kits | Soroc | DieWithZero"
Lucas,Pouille,FRA,Le Coq Sportif → Celio,Asics,Prince*,
Max,Purcell,AUS,LSKD,K-Swiss → Asics,Dunlop,
Albert,Ramos-Vinolas,ESP,Joma,Joma,Babolat,
Milos,Raonic,CAN,Lululemon*,New Balance,Wilson,
Arthur,Rinderknech,FRA,Lacoste,Asics,Tecnifibre,"Extia | Praemium"
Jurij,Rodionov,AUT,Yonex,Yonex,Yonex,
Andrey,Rublev,RUS,K-Swiss x Rublo (own brand),Nike → K-Swiss,Head,Waterdrop
Holger,Rune,DEN,Nike,Nike,Babolat,
Casper,Ruud,NOR,Yonex,Yonex,Yonex,"SalMar | Renault"
Emil,Ruusuvuori,FIN,Asics → Head,Asics,Head,"Porsche | Silja Line"
Roman,Safiullin,RUS,Australian,Asics*,Head,
Tennys,Sandgren,USA,Yoxoi → –,Asics,Dunlop Srixon,
Diego,Schwartzman,ARG,Fila,Fila,Head,"Disney+ | Midea"
Thiago,Seyboth Wild,BRA,Joma → J. Lindeberg,Joma → Nike*,Wilson,"Prognum | BRB"
Juncheng,Shang,CHN,Nike,Nike,Babolat,
Denis,Shapovalov,CAN,Nike,Nike,Yonex,
Abdullah,Shelbayh,JOR,Adidas,Adidas,Head → Yonex,
Ben,Shelton,USA,New Balance → On,New Balance → On,Yonex,
Alexander,Shevchenko,KAZ,Adidas → Mizuno,Adidas → Mizuno,Babolat,
Jannik,Sinner,ITA,Nike,Nike,Head,
Lorenzo,Sonego,ITA,EA7,Mizuno,Wilson,Lynx Group
Dominic,Stricker,SUI,Asics,Asics,Head,"Cornèrcard | CTA"
Jan-Lennard,Struff,GER,Diadora,Diadora,Head,OBO
Alejandro,Tabilo,CHI,Lotto,Lotto,Yonex,Banco de Chile
Jordan,Thompson,AUS,New Balance,New Balance,Babolat,
Frances,Tiafoe,USA,Nike → Lululemon,Nike → K-Swiss,Yonex,UKG
Learner,Tien,USA,Adidas,Adidas,Wilson,
Thiago,Tirante,ARG,Fila,Wilson,Wilson,
Stefano,Travaglia,ITA,Lotto,Lotto,Wilson*,
Stefanos,Tsitsipas,GRE,Adidas,Adidas,Wilson,
Yasutaka,Uchiyama,JPN,Adidas,Adidas,Wilson → Head,
Camilo,Ugo Carabelli,ARG,Joma,Joma,Head,"Blue Owl | Midea"
Luca,Van Assche,FRA,Le Coq Sportif,Asics,Wilson,Renault
Botic,van de Zandschulp,NED,Indian Maharadja,Asics,Babolat,"Ziggo Sport | Audi udenhout.nl"
Tim,van Rijthoven,NED,Indian Maharadja,Asics,Yonex → Dunlop,"Borek | Audi udenhout.nl"
Juan Pablo,Varillas,PER,Lotto,Lotto,Wilson,"Diners Club International | DIRECTV"
Jiri,Vesely,CZE,Lotto,Lotto,Wilson,
Otto,Virtanen,FIN,Wilson,Wilson,Wilson,
Aleksandar,Vukic,AUS,Joma,Joma,Babolat,"Liquidi.v. | Nerada"
Adam,Walton,AUS,Lotto,Lotto,Babolat,ICG next
Yosuke,Watanuki,JPN,Asics,Asics,Babolat → Blacket out,SBC
Stanislas,Wawrinka,SUI,Yonex,Yonex,Yonex,Bitpanda
J.J.,Wolf,USA,Grayson,New Balance*,Head,"RE Partners | Rado"
Yibing,Wu,CHN,Adidas,Adidas,Head,
Bernabe,Zapata Miralles,ESP,Lotto,Lotto,Head,
Zhizhen,Zhang,CHN,K-Swiss,K-Swiss,Head,Mebo
Alexander,Zverev,GER,Adidas,Adidas,Head,Bitpanda
